DROP TABLE Air_quality_measures;
DROP TABLE Greenhouse_Gasses;
DROP TABLE Climate_Risk_Index;
DROP TABLE Paris_Agreement_Member;
DROP TABLE City;
DROP TABLE Country;

CREATE TABLE COUNTRY
    (COUNTRY_NAME CHAR(60) PRIMARY KEY,
    WHO_REGION CHAR(50),
    ISO CHAR(3));

CREATE TABLE Greenhouse_Gasses
    (Country_Name CHAR(60), 
    Per_Capita_GHG FLOAT,
    PRIMARY KEY (Country_Name), 
    FOREIGN KEY (Country_Name) REFERENCES Country);

CREATE TABLE Paris_Agreement_Member
    (Country_Name CHAR(60) PRIMARY KEY, 
    Date_joined DATE, 
    FOREIGN KEY (Country_Name) REFERENCES Country);

CREATE TABLE Climate_Risk_Index
    (ID INT PRIMARY KEY, 
    Country_Name CHAR(60) NOT NULL, 
    CRI_Rank INT, 
    CRI_Score FLOAT, 
    Fatalities_Rank INT, 
    Fatalities_per_100000_inhabitants_Rank INT, 
    Losses_in_US_million_Rank INT, 
    Losses_per_unit_GDP_Rank INT, 
    FOREIGN KEY (Country_Name) REFERENCES Country);
 
INSERT INTO Country(Country_Name, WHO_Region, ISO) VALUES ('Andorra','European Region','AND'); 
INSERT INTO Country(Country_Name, WHO_Region, ISO) VALUES ('United Arab Emirates','Eastern Mediterranean Region','ARE'); 
INSERT INTO Country(Country_Name, WHO_Region, ISO) VALUES ('Argentina','Region of the Americas','ARG'); 
INSERT INTO Country(Country_Name, WHO_Region, ISO) VALUES ('Australia','Western Pacific Region','AUS'); 
INSERT INTO Country(Country_Name, WHO_Region, ISO) VALUES ('Austria','European Region','AUT'); 
INSERT INTO Country(Country_Name, WHO_Region, ISO) VALUES ('Belgium','European Region','BEL'); 
INSERT INTO Country(Country_Name, WHO_Region, ISO) VALUES ('Bangladesh','South East Asia Region','BGD'); 
INSERT INTO Country(Country_Name, WHO_Region, ISO) VALUES ('Bulgaria','European Region','BGR'); 
INSERT INTO Country(Country_Name, WHO_Region, ISO) VALUES ('Bahrain','Eastern Mediterranean Region','BHR'); 
INSERT INTO Country(Country_Name, WHO_Region, ISO) VALUES ('Bahamas','Region of the Americas','BHS'); 
INSERT INTO Country(Country_Name, WHO_Region, ISO) VALUES ('Bosnia and Herzegovina','European Region','BIH'); 
INSERT INTO Country(Country_Name, WHO_Region, ISO) VALUES ('Brazil','Region of the Americas','BRA'); 
INSERT INTO Country(Country_Name, WHO_Region, ISO) VALUES ('Canada','Region of the Americas','CAN'); 
INSERT INTO Country(Country_Name, WHO_Region, ISO) VALUES ('Switzerland','European Region','CHE'); 
INSERT INTO Country(Country_Name, WHO_Region, ISO) VALUES ('Chile','Region of the Americas','CHL'); 
INSERT INTO Country(Country_Name, WHO_Region, ISO) VALUES ('China','Western Pacific Region','CHN'); 
INSERT INTO Country(Country_Name, WHO_Region, ISO) VALUES ('Colombia','Region of the Americas','COL'); 
INSERT INTO Country(Country_Name, WHO_Region, ISO) VALUES ('Costa Rica','Region of the Americas','CRI'); 
INSERT INTO Country(Country_Name, WHO_Region, ISO) VALUES ('Cyprus','European Region','CYP'); 
INSERT INTO Country(Country_Name, WHO_Region, ISO) VALUES ('Czech Republic','European Region','CZE'); 
INSERT INTO Country(Country_Name, WHO_Region, ISO) VALUES ('Germany','European Region','DEU'); 
INSERT INTO Country(Country_Name, WHO_Region, ISO) VALUES ('Denmark','European Region','DNK'); 
INSERT INTO Country(Country_Name, WHO_Region, ISO) VALUES ('Ecuador','Region of the Americas','ECU'); 
INSERT INTO Country(Country_Name, WHO_Region, ISO) VALUES ('Spain','European Region','ESP'); 
INSERT INTO Country(Country_Name, WHO_Region, ISO) VALUES ('Estonia','European Region','EST'); 
INSERT INTO Country(Country_Name, WHO_Region, ISO) VALUES ('Ethiopia','African Region','ETH'); 
INSERT INTO Country(Country_Name, WHO_Region, ISO) VALUES ('Finland','European Region','FIN'); 
INSERT INTO Country(Country_Name, WHO_Region, ISO) VALUES ('France','European Region','FRA'); 
INSERT INTO Country(Country_Name, WHO_Region, ISO) VALUES ('United Kingdom','European Region','GBR'); 
INSERT INTO Country(Country_Name, WHO_Region, ISO) VALUES ('Greece','European Region','GRC'); 
INSERT INTO Country(Country_Name, WHO_Region, ISO) VALUES ('Croatia','European Region','HRV'); 
INSERT INTO Country(Country_Name, WHO_Region, ISO) VALUES ('Hungary','European Region','HUN'); 
INSERT INTO Country(Country_Name, WHO_Region, ISO) VALUES ('Indonesia','South East Asia Region','IDN'); 
INSERT INTO Country(Country_Name, WHO_Region, ISO) VALUES ('India','South East Asia Region','IND'); 
INSERT INTO Country(Country_Name, WHO_Region, ISO) VALUES ('Ireland','European Region','IRL'); 
INSERT INTO Country(Country_Name, WHO_Region, ISO) VALUES ('Iran (Islamic Republic of)','Eastern Mediterranean Region','IRN'); 
INSERT INTO Country(Country_Name, WHO_Region, ISO) VALUES ('Iraq','Eastern Mediterranean Region','IRQ'); 
INSERT INTO Country(Country_Name, WHO_Region, ISO) VALUES ('Iceland','European Region','ISL'); 
INSERT INTO Country(Country_Name, WHO_Region, ISO) VALUES ('Italy','European Region','ITA'); 
INSERT INTO Country(Country_Name, WHO_Region, ISO) VALUES ('Jordan','Eastern Mediterranean Region','JOR'); 
INSERT INTO Country(Country_Name, WHO_Region, ISO) VALUES ('Japan','Western Pacific Region','JPN'); 
INSERT INTO Country(Country_Name, WHO_Region, ISO) VALUES ('Kazakhstan','European Region','KAZ'); 
INSERT INTO Country(Country_Name, WHO_Region, ISO) VALUES ('Kenya','African Region','KEN'); 
INSERT INTO Country(Country_Name, WHO_Region, ISO) VALUES ('Republic of Korea','Western Pacific Region','KOR'); 
INSERT INTO Country(Country_Name, WHO_Region, ISO) VALUES ('Kuwait','Eastern Mediterranean Region','KWT'); 
INSERT INTO Country(Country_Name, WHO_Region, ISO) VALUES ('Sri Lanka','South East Asia Region','LKA'); 
INSERT INTO Country(Country_Name, WHO_Region, ISO) VALUES ('Lithuania','European Region','LTU'); 
INSERT INTO Country(Country_Name, WHO_Region, ISO) VALUES ('Luxembourg','European Region','LUX'); 
INSERT INTO Country(Country_Name, WHO_Region, ISO) VALUES ('Latvia','European Region','LVA'); 
INSERT INTO Country(Country_Name, WHO_Region, ISO) VALUES ('Morocco','Eastern Mediterranean Region','MAR'); 
INSERT INTO Country(Country_Name, WHO_Region, ISO) VALUES ('Monaco','European Region','MCO'); 
INSERT INTO Country(Country_Name, WHO_Region, ISO) VALUES ('Mexico','Region of the Americas','MEX'); 
INSERT INTO Country(Country_Name, WHO_Region, ISO) VALUES ('North Macedonia','European Region','MKD'); 
INSERT INTO Country(Country_Name, WHO_Region, ISO) VALUES ('Malta','European Region','MLT'); 
INSERT INTO Country(Country_Name, WHO_Region, ISO) VALUES ('Montenegro','European Region','MNE'); 
INSERT INTO Country(Country_Name, WHO_Region, ISO) VALUES ('Mongolia','Western Pacific Region','MNG'); 
INSERT INTO Country(Country_Name, WHO_Region, ISO) VALUES ('Netherlands','European Region','NLD'); 
INSERT INTO Country(Country_Name, WHO_Region, ISO) VALUES ('Norway','European Region','NOR'); 
INSERT INTO Country(Country_Name, WHO_Region, ISO) VALUES ('Nepal','South East Asia Region','NPL'); 
INSERT INTO Country(Country_Name, WHO_Region, ISO) VALUES ('Pakistan','Eastern Mediterranean Region','PAK'); 
INSERT INTO Country(Country_Name, WHO_Region, ISO) VALUES ('Peru','Region of the Americas','PER'); 
INSERT INTO Country(Country_Name, WHO_Region, ISO) VALUES ('Philippines','Western Pacific Region','PHL'); 
INSERT INTO Country(Country_Name, WHO_Region, ISO) VALUES ('Poland','European Region','POL'); 
INSERT INTO Country(Country_Name, WHO_Region, ISO) VALUES ('Portugal','European Region','PRT'); 
INSERT INTO Country(Country_Name, WHO_Region, ISO) VALUES ('Qatar','Eastern Mediterranean Region','QAT'); 
INSERT INTO Country(Country_Name, WHO_Region, ISO) VALUES ('Romania','European Region','ROU'); 
INSERT INTO Country(Country_Name, WHO_Region, ISO) VALUES ('Senegal','African Region','SEN'); 
INSERT INTO Country(Country_Name, WHO_Region, ISO) VALUES ('Singapore','Western Pacific Region','SGP'); 
INSERT INTO Country(Country_Name, WHO_Region, ISO) VALUES ('El Salvador','Region of the Americas','SLV'); 
INSERT INTO Country(Country_Name, WHO_Region, ISO) VALUES ('Serbia','European Region','SRB'); 
INSERT INTO Country(Country_Name, WHO_Region, ISO) VALUES ('Slovakia','European Region','SVK'); 
INSERT INTO Country(Country_Name, WHO_Region, ISO) VALUES ('Slovenia','European Region','SVN'); 
INSERT INTO Country(Country_Name, WHO_Region, ISO) VALUES ('Sweden','European Region','SWE'); 
INSERT INTO Country(Country_Name, WHO_Region, ISO) VALUES ('Trinidad and Tobago','Region of the Americas','TTO'); 
INSERT INTO Country(Country_Name, WHO_Region, ISO) VALUES ('Turkey','European Region','TUR'); 
INSERT INTO Country(Country_Name, WHO_Region, ISO) VALUES ('Uganda','African Region','UGA'); 
INSERT INTO Country(Country_Name, WHO_Region, ISO) VALUES ('Ukraine','European Region','UKR'); 
INSERT INTO Country(Country_Name, WHO_Region, ISO) VALUES ('Uruguay','Region of the Americas','URY'); 
INSERT INTO Country(Country_Name, WHO_Region, ISO) VALUES ('United States of America','Region of the Americas','USA'); 
INSERT INTO Country(Country_Name, WHO_Region, ISO) VALUES ('Uzbekistan','European Region','UZB'); 
INSERT INTO Country(Country_Name, WHO_Region, ISO) VALUES ('Viet Nam','Western Pacific Region','VNM'); 
INSERT INTO Country(Country_Name, WHO_Region, ISO) VALUES ('South Africa','African Region','ZAF'); 
INSERT INTO Country(Country_Name, WHO_Region, ISO) VALUES ('New Caledonia',NULL,NULL); 
INSERT INTO Country(Country_Name, WHO_Region, ISO) VALUES ('Maldives',NULL,NULL); 
INSERT INTO Country(Country_Name, WHO_Region, ISO) VALUES ('Niger',NULL,NULL); 
INSERT INTO Country(Country_Name, WHO_Region, ISO) VALUES ('Timor-Leste',NULL,NULL); 
INSERT INTO Country(Country_Name, WHO_Region, ISO) VALUES ('Liechtenstein',NULL,NULL); 
INSERT INTO Country(Country_Name, WHO_Region, ISO) VALUES ('Belarus',NULL,NULL); 
INSERT INTO Country(Country_Name, WHO_Region, ISO) VALUES ('Democratic Republic of Congo',NULL,NULL); 
INSERT INTO Country(Country_Name, WHO_Region, ISO) VALUES ('South Sudan',NULL,NULL); 
INSERT INTO Country(Country_Name, WHO_Region, ISO) VALUES ('Saint Helena, Ascension and Tristan da Cunha',NULL,NULL); 
INSERT INTO Country(Country_Name, WHO_Region, ISO) VALUES ('Nicaragua',NULL,NULL); 
INSERT INTO Country(Country_Name, WHO_Region, ISO) VALUES ('Kosovo',NULL,NULL); 
INSERT INTO Country(Country_Name, WHO_Region, ISO) VALUES ('Djibouti',NULL,NULL); 
INSERT INTO Country(Country_Name, WHO_Region, ISO) VALUES ('British Virgin Islands',NULL,NULL); 
INSERT INTO Country(Country_Name, WHO_Region, ISO) VALUES ('Democratic Republic of the Congo',NULL,NULL); 
INSERT INTO Country(Country_Name, WHO_Region, ISO) VALUES ('Myanmar',NULL,NULL); 
INSERT INTO Country(Country_Name, WHO_Region, ISO) VALUES ('Algeria',NULL,NULL); 
INSERT INTO Country(Country_Name, WHO_Region, ISO) VALUES ('Belize',NULL,NULL); 
INSERT INTO Country(Country_Name, WHO_Region, ISO) VALUES ('Barbados',NULL,NULL); 
INSERT INTO Country(Country_Name, WHO_Region, ISO) VALUES ('Namibia',NULL,NULL); 
INSERT INTO Country(Country_Name, WHO_Region, ISO) VALUES ('Togo',NULL,NULL); 
INSERT INTO Country(Country_Name, WHO_Region, ISO) VALUES ('The Bahamas',NULL,NULL); 
INSERT INTO Country(Country_Name, WHO_Region, ISO) VALUES ('Timor Leste',NULL,NULL); 
INSERT INTO Country(Country_Name, WHO_Region, ISO) VALUES ('Solomon Islands',NULL,NULL); 
INSERT INTO Country(Country_Name, WHO_Region, ISO) VALUES ('Lesotho',NULL,NULL); 
INSERT INTO Country(Country_Name, WHO_Region, ISO) VALUES ('Kyrgyzstan',NULL,NULL); 
INSERT INTO Country(Country_Name, WHO_Region, ISO) VALUES ('Serbia and Montenegro',NULL,NULL); 
INSERT INTO Country(Country_Name, WHO_Region, ISO) VALUES ('Holy See',NULL,NULL); 
INSERT INTO Country(Country_Name, WHO_Region, ISO) VALUES ('Jamaica',NULL,NULL); 
INSERT INTO Country(Country_Name, WHO_Region, ISO) VALUES ('Guyana',NULL,NULL); 
INSERT INTO Country(Country_Name, WHO_Region, ISO) VALUES ('Mali',NULL,NULL); 
INSERT INTO Country(Country_Name, WHO_Region, ISO) VALUES ('Western Sahara',NULL,NULL); 
INSERT INTO Country(Country_Name, WHO_Region, ISO) VALUES ('Israel',NULL,NULL); 
INSERT INTO Country(Country_Name, WHO_Region, ISO) VALUES ('Switzerland and Liechtenstein',NULL,NULL); 
INSERT INTO Country(Country_Name, WHO_Region, ISO) VALUES ('Nigeria',NULL,NULL); 
INSERT INTO Country(Country_Name, WHO_Region, ISO) VALUES ('Taiwan',NULL,NULL); 
INSERT INTO Country(Country_Name, WHO_Region, ISO) VALUES ('Micronesia',NULL,NULL); 
INSERT INTO Country(Country_Name, WHO_Region, ISO) VALUES ('New Zealand',NULL,NULL); 
INSERT INTO Country(Country_Name, WHO_Region, ISO) VALUES ('Dominican Republic',NULL,NULL); 
INSERT INTO Country(Country_Name, WHO_Region, ISO) VALUES ('Marshall Islands',NULL,NULL); 
INSERT INTO Country(Country_Name, WHO_Region, ISO) VALUES ('Dominica',NULL,NULL); 
INSERT INTO Country(Country_Name, WHO_Region, ISO) VALUES ('Samoa',NULL,NULL); 
INSERT INTO Country(Country_Name, WHO_Region, ISO) VALUES ('Zambia',NULL,NULL); 
INSERT INTO Country(Country_Name, WHO_Region, ISO) VALUES ('Armenia',NULL,NULL); 
INSERT INTO Country(Country_Name, WHO_Region, ISO) VALUES ('Haiti',NULL,NULL); 
INSERT INTO Country(Country_Name, WHO_Region, ISO) VALUES ('Turkmenistan',NULL,NULL); 
INSERT INTO Country(Country_Name, WHO_Region, ISO) VALUES ('Rwanda',NULL,NULL); 
INSERT INTO Country(Country_Name, WHO_Region, ISO) VALUES ('Palau',NULL,NULL); 
INSERT INTO Country(Country_Name, WHO_Region, ISO) VALUES ('Vanuatu',NULL,NULL); 
INSERT INTO Country(Country_Name, WHO_Region, ISO) VALUES ('Russian Federation',NULL,NULL); 
INSERT INTO Country(Country_Name, WHO_Region, ISO) VALUES ('Madagascar',NULL,NULL); 
INSERT INTO Country(Country_Name, WHO_Region, ISO) VALUES ('Kiribati',NULL,NULL); 
INSERT INTO Country(Country_Name, WHO_Region, ISO) VALUES ('Angola',NULL,NULL); 
INSERT INTO Country(Country_Name, WHO_Region, ISO) VALUES ('Martinique',NULL,NULL); 
INSERT INTO Country(Country_Name, WHO_Region, ISO) VALUES ('Eswatini',NULL,NULL); 
INSERT INTO Country(Country_Name, WHO_Region, ISO) VALUES ('Guadeloupe',NULL,NULL); 
INSERT INTO Country(Country_Name, WHO_Region, ISO) VALUES ('Tanzania',NULL,NULL); 
INSERT INTO Country(Country_Name, WHO_Region, ISO) VALUES ('Curaçao',NULL,NULL); 
INSERT INTO Country(Country_Name, WHO_Region, ISO) VALUES ('Syrian Arab Republic',NULL,NULL); 
INSERT INTO Country(Country_Name, WHO_Region, ISO) VALUES ('Réunion',NULL,NULL); 
INSERT INTO Country(Country_Name, WHO_Region, ISO) VALUES ('Albania',NULL,NULL); 
INSERT INTO Country(Country_Name, WHO_Region, ISO) VALUES ('Cayman Islands',NULL,NULL); 
INSERT INTO Country(Country_Name, WHO_Region, ISO) VALUES ('Brunei Darussalam',NULL,NULL); 
INSERT INTO Country(Country_Name, WHO_Region, ISO) VALUES ('Chinese Taipei',NULL,NULL); 
INSERT INTO Country(Country_Name, WHO_Region, ISO) VALUES ('Falkland Islands',NULL,NULL); 
INSERT INTO Country(Country_Name, WHO_Region, ISO) VALUES ('São Tomé and Príncipe',NULL,NULL); 
INSERT INTO Country(Country_Name, WHO_Region, ISO) VALUES ('Gibraltar',NULL,NULL); 
INSERT INTO Country(Country_Name, WHO_Region, ISO) VALUES ('Papua New Guinea',NULL,NULL); 
INSERT INTO Country(Country_Name, WHO_Region, ISO) VALUES ('Guinea',NULL,NULL); 
INSERT INTO Country(Country_Name, WHO_Region, ISO) VALUES ('Tonga',NULL,NULL); 
INSERT INTO Country(Country_Name, WHO_Region, ISO) VALUES ('Seychelles',NULL,NULL); 
INSERT INTO Country(Country_Name, WHO_Region, ISO) VALUES ('French Polynesia',NULL,NULL); 
INSERT INTO Country(Country_Name, WHO_Region, ISO) VALUES ('Congo',NULL,NULL); 
INSERT INTO Country(Country_Name, WHO_Region, ISO) VALUES ('Malawi',NULL,NULL); 
INSERT INTO Country(Country_Name, WHO_Region, ISO) VALUES ('Aruba',NULL,NULL); 
INSERT INTO Country(Country_Name, WHO_Region, ISO) VALUES ('Sierra Leone',NULL,NULL); 
INSERT INTO Country(Country_Name, WHO_Region, ISO) VALUES ('Afghanistan',NULL,NULL); 
INSERT INTO Country(Country_Name, WHO_Region, ISO) VALUES ('Faroes',NULL,NULL); 
INSERT INTO Country(Country_Name, WHO_Region, ISO) VALUES ('St.Kitts and Nevis',NULL,NULL); 
INSERT INTO Country(Country_Name, WHO_Region, ISO) VALUES ('Burkina Faso',NULL,NULL); 
INSERT INTO Country(Country_Name, WHO_Region, ISO) VALUES ('Honduras',NULL,NULL); 
INSERT INTO Country(Country_Name, WHO_Region, ISO) VALUES ('Tuvalu',NULL,NULL); 
INSERT INTO Country(Country_Name, WHO_Region, ISO) VALUES ('Anguilla',NULL,NULL); 
INSERT INTO Country(Country_Name, WHO_Region, ISO) VALUES ('Lebanon',NULL,NULL); 
INSERT INTO Country(Country_Name, WHO_Region, ISO) VALUES ('Turks and Caicos Islands',NULL,NULL); 
INSERT INTO Country(Country_Name, WHO_Region, ISO) VALUES ('Puerto Rico',NULL,NULL); 
INSERT INTO Country(Country_Name, WHO_Region, ISO) VALUES ('Cuba',NULL,NULL); 
INSERT INTO Country(Country_Name, WHO_Region, ISO) VALUES ('Sudan',NULL,NULL); 
INSERT INTO Country(Country_Name, WHO_Region, ISO) VALUES ('Democratic People''s Republic of Korea',NULL,NULL); 
INSERT INTO Country(Country_Name, WHO_Region, ISO) VALUES ('Liberia',NULL,NULL); 
INSERT INTO Country(Country_Name, WHO_Region, ISO) VALUES ('St.Pierre and Miquelon',NULL,NULL); 
INSERT INTO Country(Country_Name, WHO_Region, ISO) VALUES ('Antigua and Barbuda',NULL,NULL); 
INSERT INTO Country(Country_Name, WHO_Region, ISO) VALUES ('Italy, San Marino and the Holy See',NULL,NULL); 
INSERT INTO Country(Country_Name, WHO_Region, ISO) VALUES ('St.Vincent and the Grenadines',NULL,NULL); 
INSERT INTO Country(Country_Name, WHO_Region, ISO) VALUES ('Egypt',NULL,NULL); 
INSERT INTO Country(Country_Name, WHO_Region, ISO) VALUES ('Bermuda',NULL,NULL); 
INSERT INTO Country(Country_Name, WHO_Region, ISO) VALUES ('Burundi',NULL,NULL); 
INSERT INTO Country(Country_Name, WHO_Region, ISO) VALUES ('Yemen',NULL,NULL); 
INSERT INTO Country(Country_Name, WHO_Region, ISO) VALUES ('Central African Republic',NULL,NULL); 
INSERT INTO Country(Country_Name, WHO_Region, ISO) VALUES ('Guinea-Bissau',NULL,NULL); 
INSERT INTO Country(Country_Name, WHO_Region, ISO) VALUES ('Lao People''s Democratic Republic',NULL,NULL); 
INSERT INTO Country(Country_Name, WHO_Region, ISO) VALUES ('Tunisia',NULL,NULL); 
INSERT INTO Country(Country_Name, WHO_Region, ISO) VALUES ('Gabon',NULL,NULL); 
INSERT INTO Country(Country_Name, WHO_Region, ISO) VALUES ('Benin',NULL,NULL); 
INSERT INTO Country(Country_Name, WHO_Region, ISO) VALUES ('Bolivia',NULL,NULL); 
INSERT INTO Country(Country_Name, WHO_Region, ISO) VALUES ('Mauritius',NULL,NULL); 
INSERT INTO Country(Country_Name, WHO_Region, ISO) VALUES ('Nauru',NULL,NULL); 
INSERT INTO Country(Country_Name, WHO_Region, ISO) VALUES ('Sao Tome and Principe',NULL,NULL); 
INSERT INTO Country(Country_Name, WHO_Region, ISO) VALUES ('Côte d''Ivoire',NULL,NULL); 
INSERT INTO Country(Country_Name, WHO_Region, ISO) VALUES ('France and Monaco',NULL,NULL); 
INSERT INTO Country(Country_Name, WHO_Region, ISO) VALUES ('State of Palestine',NULL,NULL); 
INSERT INTO Country(Country_Name, WHO_Region, ISO) VALUES ('Malaysia',NULL,NULL); 
INSERT INTO Country(Country_Name, WHO_Region, ISO) VALUES ('Suriname',NULL,NULL); 
INSERT INTO Country(Country_Name, WHO_Region, ISO) VALUES ('Cape Verde',NULL,NULL); 
INSERT INTO Country(Country_Name, WHO_Region, ISO) VALUES ('Niue',NULL,NULL); 
INSERT INTO Country(Country_Name, WHO_Region, ISO) VALUES ('Libya',NULL,NULL); 
INSERT INTO Country(Country_Name, WHO_Region, ISO) VALUES ('St.Lucia',NULL,NULL); 
INSERT INTO Country(Country_Name, WHO_Region, ISO) VALUES ('Mauritania',NULL,NULL); 
INSERT INTO Country(Country_Name, WHO_Region, ISO) VALUES ('French Guiana',NULL,NULL); 
INSERT INTO Country(Country_Name, WHO_Region, ISO) VALUES ('Spain and Andorra',NULL,NULL); 
INSERT INTO Country(Country_Name, WHO_Region, ISO) VALUES ('North Korea',NULL,NULL); 
INSERT INTO Country(Country_Name, WHO_Region, ISO) VALUES ('Gambia',NULL,NULL); 
INSERT INTO Country(Country_Name, WHO_Region, ISO) VALUES ('Zimbabwe',NULL,NULL); 
INSERT INTO Country(Country_Name, WHO_Region, ISO) VALUES ('Sudan and South Sudan',NULL,NULL); 
INSERT INTO Country(Country_Name, WHO_Region, ISO) VALUES ('Cameroon',NULL,NULL); 
INSERT INTO Country(Country_Name, WHO_Region, ISO) VALUES ('Panama',NULL,NULL); 
INSERT INTO Country(Country_Name, WHO_Region, ISO) VALUES ('Comoros',NULL,NULL); 
INSERT INTO Country(Country_Name, WHO_Region, ISO) VALUES ('San Marino',NULL,NULL); 
INSERT INTO Country(Country_Name, WHO_Region, ISO) VALUES ('Guinea Bissau',NULL,NULL); 
INSERT INTO Country(Country_Name, WHO_Region, ISO) VALUES ('Grenada',NULL,NULL); 
INSERT INTO Country(Country_Name, WHO_Region, ISO) VALUES ('Botswana',NULL,NULL); 
INSERT INTO Country(Country_Name, WHO_Region, ISO) VALUES ('Saudi Arabia',NULL,NULL); 
INSERT INTO Country(Country_Name, WHO_Region, ISO) VALUES ('Mozambique',NULL,NULL); 
INSERT INTO Country(Country_Name, WHO_Region, ISO) VALUES ('Greenland',NULL,NULL); 
INSERT INTO Country(Country_Name, WHO_Region, ISO) VALUES ('Venezuela',NULL,NULL); 
INSERT INTO Country(Country_Name, WHO_Region, ISO) VALUES ('Cook Islands',NULL,NULL); 
INSERT INTO Country(Country_Name, WHO_Region, ISO) VALUES ('Macao',NULL,NULL); 
INSERT INTO Country(Country_Name, WHO_Region, ISO) VALUES ('Guatemala',NULL,NULL); 
INSERT INTO Country(Country_Name, WHO_Region, ISO) VALUES ('Oman',NULL,NULL); 
INSERT INTO Country(Country_Name, WHO_Region, ISO) VALUES ('Republic of Yemen',NULL,NULL); 
INSERT INTO Country(Country_Name, WHO_Region, ISO) VALUES ('Bhutan',NULL,NULL); 
INSERT INTO Country(Country_Name, WHO_Region, ISO) VALUES ('Hong Kong',NULL,NULL); 
INSERT INTO Country(Country_Name, WHO_Region, ISO) VALUES ('Moldova',NULL,NULL); 
INSERT INTO Country(Country_Name, WHO_Region, ISO) VALUES ('Ghana',NULL,NULL); 
INSERT INTO Country(Country_Name, WHO_Region, ISO) VALUES ('Somalia',NULL,NULL); 
INSERT INTO Country(Country_Name, WHO_Region, ISO) VALUES ('Cambodia',NULL,NULL); 
INSERT INTO Country(Country_Name, WHO_Region, ISO) VALUES ('Equatorial Guinea',NULL,NULL); 
INSERT INTO Country(Country_Name, WHO_Region, ISO) VALUES ('Fiji',NULL,NULL); 
INSERT INTO Country(Country_Name, WHO_Region, ISO) VALUES ('Eritrea',NULL,NULL); 
INSERT INTO Country(Country_Name, WHO_Region, ISO) VALUES ('Chad',NULL,NULL); 
INSERT INTO Country(Country_Name, WHO_Region, ISO) VALUES ('Israel and Palestine, State of',NULL,NULL); 
INSERT INTO Country(Country_Name, WHO_Region, ISO) VALUES ('Georgia',NULL,NULL); 
INSERT INTO Country(Country_Name, WHO_Region, ISO) VALUES ('Tajikistan',NULL,NULL); 
INSERT INTO Country(Country_Name, WHO_Region, ISO) VALUES ('Paraguay',NULL,NULL); 
INSERT INTO Country(Country_Name, WHO_Region, ISO) VALUES ('United States',NULL,NULL); 
INSERT INTO Country(Country_Name, WHO_Region, ISO) VALUES ('Cabo Verde',NULL,NULL); 
INSERT INTO Country(Country_Name, WHO_Region, ISO) VALUES ('Azerbaijan',NULL,NULL); 
INSERT INTO Country(Country_Name, WHO_Region, ISO) VALUES ('Syria',NULL,NULL); 
INSERT INTO Country(Country_Name, WHO_Region, ISO) VALUES ('Thailand',NULL,NULL); 
 
 
 
INSERT INTO Greenhouse_Gasses(Country_Name, Per_Capita_GHG) VALUES ('Aruba',4.75136563); 
INSERT INTO Greenhouse_Gasses(Country_Name, Per_Capita_GHG) VALUES ('Afghanistan',0.86436883); 
INSERT INTO Greenhouse_Gasses(Country_Name, Per_Capita_GHG) VALUES ('Angola',2.54160095); 
INSERT INTO Greenhouse_Gasses(Country_Name, Per_Capita_GHG) VALUES ('Anguilla',2.23535798); 
INSERT INTO Greenhouse_Gasses(Country_Name, Per_Capita_GHG) VALUES ('Albania',3.14527556); 
INSERT INTO Greenhouse_Gasses(Country_Name, Per_Capita_GHG) VALUES ('Curaçao',20.9147387); 
INSERT INTO Greenhouse_Gasses(Country_Name, Per_Capita_GHG) VALUES ('United Arab Emirates',26.5644221); 
INSERT INTO Greenhouse_Gasses(Country_Name, Per_Capita_GHG) VALUES ('Argentina',8.46500989); 
INSERT INTO Greenhouse_Gasses(Country_Name, Per_Capita_GHG) VALUES ('Armenia',2.99410926); 
INSERT INTO Greenhouse_Gasses(Country_Name, Per_Capita_GHG) VALUES ('Antigua and Barbuda',3.64168024); 
INSERT INTO Greenhouse_Gasses(Country_Name, Per_Capita_GHG) VALUES ('Australia',24.1307983); 
INSERT INTO Greenhouse_Gasses(Country_Name, Per_Capita_GHG) VALUES ('Austria',9.46631178); 
INSERT INTO Greenhouse_Gasses(Country_Name, Per_Capita_GHG) VALUES ('Azerbaijan',5.96444407); 
INSERT INTO Greenhouse_Gasses(Country_Name, Per_Capita_GHG) VALUES ('Burundi',0.67041513); 
INSERT INTO Greenhouse_Gasses(Country_Name, Per_Capita_GHG) VALUES ('Belgium',10.8622928); 
INSERT INTO Greenhouse_Gasses(Country_Name, Per_Capita_GHG) VALUES ('Benin',1.5793592); 
INSERT INTO Greenhouse_Gasses(Country_Name, Per_Capita_GHG) VALUES ('Burkina Faso',1.64780007); 
INSERT INTO Greenhouse_Gasses(Country_Name, Per_Capita_GHG) VALUES ('Bangladesh',1.67643832); 
INSERT INTO Greenhouse_Gasses(Country_Name, Per_Capita_GHG) VALUES ('Bulgaria',8.82469951); 
INSERT INTO Greenhouse_Gasses(Country_Name, Per_Capita_GHG) VALUES ('Bahrain',40.3992101); 
INSERT INTO Greenhouse_Gasses(Country_Name, Per_Capita_GHG) VALUES ('Bahamas',4.88387613); 
INSERT INTO Greenhouse_Gasses(Country_Name, Per_Capita_GHG) VALUES ('Bosnia and Herzegovina',9.13352134); 
INSERT INTO Greenhouse_Gasses(Country_Name, Per_Capita_GHG) VALUES ('Belarus',11.0788873); 
INSERT INTO Greenhouse_Gasses(Country_Name, Per_Capita_GHG) VALUES ('Belize',2.37742135); 
INSERT INTO Greenhouse_Gasses(Country_Name, Per_Capita_GHG) VALUES ('Bermuda',5.66530081); 
INSERT INTO Greenhouse_Gasses(Country_Name, Per_Capita_GHG) VALUES ('Bolivia',5.07298044); 
INSERT INTO Greenhouse_Gasses(Country_Name, Per_Capita_GHG) VALUES ('Brazil',6.04618979); 
INSERT INTO Greenhouse_Gasses(Country_Name, Per_Capita_GHG) VALUES ('Barbados',3.35051081); 
INSERT INTO Greenhouse_Gasses(Country_Name, Per_Capita_GHG) VALUES ('Brunei Darussalam',32.8374751); 
INSERT INTO Greenhouse_Gasses(Country_Name, Per_Capita_GHG) VALUES ('Bhutan',3.92588755); 
INSERT INTO Greenhouse_Gasses(Country_Name, Per_Capita_GHG) VALUES ('Botswana',5.60798238); 
INSERT INTO Greenhouse_Gasses(Country_Name, Per_Capita_GHG) VALUES ('Central African Republic',2.6578787); 
INSERT INTO Greenhouse_Gasses(Country_Name, Per_Capita_GHG) VALUES ('Canada',21.3145076); 
INSERT INTO Greenhouse_Gasses(Country_Name, Per_Capita_GHG) VALUES ('Switzerland and Liechtenstein',5.60747735); 
INSERT INTO Greenhouse_Gasses(Country_Name, Per_Capita_GHG) VALUES ('Chile',7.16942678); 
INSERT INTO Greenhouse_Gasses(Country_Name, Per_Capita_GHG) VALUES ('China',10.1032559); 
INSERT INTO Greenhouse_Gasses(Country_Name, Per_Capita_GHG) VALUES ('Côte d''Ivoire',1.27167133); 
INSERT INTO Greenhouse_Gasses(Country_Name, Per_Capita_GHG) VALUES ('Cameroon',1.69242112); 
INSERT INTO Greenhouse_Gasses(Country_Name, Per_Capita_GHG) VALUES ('Democratic Republic of the Congo',0.66498821); 
INSERT INTO Greenhouse_Gasses(Country_Name, Per_Capita_GHG) VALUES ('Congo',4.92220915); 
INSERT INTO Greenhouse_Gasses(Country_Name, Per_Capita_GHG) VALUES ('Cook Islands',7.50886889); 
INSERT INTO Greenhouse_Gasses(Country_Name, Per_Capita_GHG) VALUES ('Colombia',4.08081452); 
INSERT INTO Greenhouse_Gasses(Country_Name, Per_Capita_GHG) VALUES ('Comoros',0.97339027); 
INSERT INTO Greenhouse_Gasses(Country_Name, Per_Capita_GHG) VALUES ('Cabo Verde',2.03127803); 
INSERT INTO Greenhouse_Gasses(Country_Name, Per_Capita_GHG) VALUES ('Costa Rica',3.34903507); 
INSERT INTO Greenhouse_Gasses(Country_Name, Per_Capita_GHG) VALUES ('Cuba',4.16868575); 
INSERT INTO Greenhouse_Gasses(Country_Name, Per_Capita_GHG) VALUES ('Cayman Islands',4.84181457); 
INSERT INTO Greenhouse_Gasses(Country_Name, Per_Capita_GHG) VALUES ('Cyprus',7.94385725); 
INSERT INTO Greenhouse_Gasses(Country_Name, Per_Capita_GHG) VALUES ('Czech Republic',12.3980711); 
INSERT INTO Greenhouse_Gasses(Country_Name, Per_Capita_GHG) VALUES ('Germany',10.5061177); 
INSERT INTO Greenhouse_Gasses(Country_Name, Per_Capita_GHG) VALUES ('Djibouti',2.15250477); 
INSERT INTO Greenhouse_Gasses(Country_Name, Per_Capita_GHG) VALUES ('Dominica',2.04399582); 
INSERT INTO Greenhouse_Gasses(Country_Name, Per_Capita_GHG) VALUES ('Denmark',8.68524456); 
INSERT INTO Greenhouse_Gasses(Country_Name, Per_Capita_GHG) VALUES ('Dominican Republic',3.92270822); 
INSERT INTO Greenhouse_Gasses(Country_Name, Per_Capita_GHG) VALUES ('Algeria',6.54042776); 
INSERT INTO Greenhouse_Gasses(Country_Name, Per_Capita_GHG) VALUES ('Ecuador',4.22856429); 
INSERT INTO Greenhouse_Gasses(Country_Name, Per_Capita_GHG) VALUES ('Egypt',3.84844798); 
INSERT INTO Greenhouse_Gasses(Country_Name, Per_Capita_GHG) VALUES ('Eritrea',1.28405257); 
INSERT INTO Greenhouse_Gasses(Country_Name, Per_Capita_GHG) VALUES ('Western Sahara',0.81423007); 
INSERT INTO Greenhouse_Gasses(Country_Name, Per_Capita_GHG) VALUES ('Spain and Andorra',7.54806226); 
INSERT INTO Greenhouse_Gasses(Country_Name, Per_Capita_GHG) VALUES ('Estonia',20.3720455); 
INSERT INTO Greenhouse_Gasses(Country_Name, Per_Capita_GHG) VALUES ('Ethiopia',1.49178496); 
INSERT INTO Greenhouse_Gasses(Country_Name, Per_Capita_GHG) VALUES ('Finland',12.2703757); 
INSERT INTO Greenhouse_Gasses(Country_Name, Per_Capita_GHG) VALUES ('Fiji',3.28806121); 
INSERT INTO Greenhouse_Gasses(Country_Name, Per_Capita_GHG) VALUES ('Falkland Islands',7.30775634); 
INSERT INTO Greenhouse_Gasses(Country_Name, Per_Capita_GHG) VALUES ('France and Monaco',6.99171923); 
INSERT INTO Greenhouse_Gasses(Country_Name, Per_Capita_GHG) VALUES ('Faroes',1.02672751); 
INSERT INTO Greenhouse_Gasses(Country_Name, Per_Capita_GHG) VALUES ('Gabon',8.95788964); 
INSERT INTO Greenhouse_Gasses(Country_Name, Per_Capita_GHG) VALUES ('United Kingdom',6.96953775); 
INSERT INTO Greenhouse_Gasses(Country_Name, Per_Capita_GHG) VALUES ('Georgia',4.32473785); 
INSERT INTO Greenhouse_Gasses(Country_Name, Per_Capita_GHG) VALUES ('Ghana',1.47466766); 
INSERT INTO Greenhouse_Gasses(Country_Name, Per_Capita_GHG) VALUES ('Gibraltar',20.6842533); 
INSERT INTO Greenhouse_Gasses(Country_Name, Per_Capita_GHG) VALUES ('Guinea',2.00100696); 
INSERT INTO Greenhouse_Gasses(Country_Name, Per_Capita_GHG) VALUES ('Guadeloupe',2.66739685); 
INSERT INTO Greenhouse_Gasses(Country_Name, Per_Capita_GHG) VALUES ('Gambia',0.97092207); 
INSERT INTO Greenhouse_Gasses(Country_Name, Per_Capita_GHG) VALUES ('Guinea-Bissau',1.57762308); 
INSERT INTO Greenhouse_Gasses(Country_Name, Per_Capita_GHG) VALUES ('Equatorial Guinea',10.9570203); 
INSERT INTO Greenhouse_Gasses(Country_Name, Per_Capita_GHG) VALUES ('Greece',7.82604102); 
INSERT INTO Greenhouse_Gasses(Country_Name, Per_Capita_GHG) VALUES ('Grenada',1.83146862); 
INSERT INTO Greenhouse_Gasses(Country_Name, Per_Capita_GHG) VALUES ('Greenland',10.333222); 
INSERT INTO Greenhouse_Gasses(Country_Name, Per_Capita_GHG) VALUES ('Guatemala',2.40767005); 
INSERT INTO Greenhouse_Gasses(Country_Name, Per_Capita_GHG) VALUES ('French Guiana',1.95381074); 
INSERT INTO Greenhouse_Gasses(Country_Name, Per_Capita_GHG) VALUES ('Guyana',7.7481889); 
INSERT INTO Greenhouse_Gasses(Country_Name, Per_Capita_GHG) VALUES ('Hong Kong',6.796463); 
INSERT INTO Greenhouse_Gasses(Country_Name, Per_Capita_GHG) VALUES ('Honduras',2.26703025); 
INSERT INTO Greenhouse_Gasses(Country_Name, Per_Capita_GHG) VALUES ('Croatia',6.06012462); 
INSERT INTO Greenhouse_Gasses(Country_Name, Per_Capita_GHG) VALUES ('Haiti',1.32936899); 
INSERT INTO Greenhouse_Gasses(Country_Name, Per_Capita_GHG) VALUES ('Hungary',7.38232082); 
INSERT INTO Greenhouse_Gasses(Country_Name, Per_Capita_GHG) VALUES ('Indonesia',4.15916432); 
INSERT INTO Greenhouse_Gasses(Country_Name, Per_Capita_GHG) VALUES ('India',2.77287998); 
INSERT INTO Greenhouse_Gasses(Country_Name, Per_Capita_GHG) VALUES ('Ireland',13.2434631); 
INSERT INTO Greenhouse_Gasses(Country_Name, Per_Capita_GHG) VALUES ('Iran (Islamic Republic of)',11.5938077); 
INSERT INTO Greenhouse_Gasses(Country_Name, Per_Capita_GHG) VALUES ('Iraq',8.82877597); 
INSERT INTO Greenhouse_Gasses(Country_Name, Per_Capita_GHG) VALUES ('Iceland',13.4308855); 
INSERT INTO Greenhouse_Gasses(Country_Name, Per_Capita_GHG) VALUES ('Israel and Palestine, State of',6.24969442); 
INSERT INTO Greenhouse_Gasses(Country_Name, Per_Capita_GHG) VALUES ('Italy, San Marino and the Holy See',7.04275645); 
INSERT INTO Greenhouse_Gasses(Country_Name, Per_Capita_GHG) VALUES ('Jamaica',3.56288963); 
INSERT INTO Greenhouse_Gasses(Country_Name, Per_Capita_GHG) VALUES ('Jordan',3.50969898); 
INSERT INTO Greenhouse_Gasses(Country_Name, Per_Capita_GHG) VALUES ('Japan',9.95393652); 
INSERT INTO Greenhouse_Gasses(Country_Name, Per_Capita_GHG) VALUES ('Kazakhstan',17.0561677); 
INSERT INTO Greenhouse_Gasses(Country_Name, Per_Capita_GHG) VALUES ('Kenya',1.93462647); 
INSERT INTO Greenhouse_Gasses(Country_Name, Per_Capita_GHG) VALUES ('Kyrgyzstan',3.62086821); 
INSERT INTO Greenhouse_Gasses(Country_Name, Per_Capita_GHG) VALUES ('Cambodia',2.68466327); 
INSERT INTO Greenhouse_Gasses(Country_Name, Per_Capita_GHG) VALUES ('Kiribati',0.97129524); 
INSERT INTO Greenhouse_Gasses(Country_Name, Per_Capita_GHG) VALUES ('St.Kitts and Nevis',2.8240024); 
INSERT INTO Greenhouse_Gasses(Country_Name, Per_Capita_GHG) VALUES ('Republic of Korea',14.6636998); 
INSERT INTO Greenhouse_Gasses(Country_Name, Per_Capita_GHG) VALUES ('Kuwait',35.2293461); 
INSERT INTO Greenhouse_Gasses(Country_Name, Per_Capita_GHG) VALUES ('Lao People''s Democratic Republic',5.00544341); 
INSERT INTO Greenhouse_Gasses(Country_Name, Per_Capita_GHG) VALUES ('Lebanon',5.69271881); 
INSERT INTO Greenhouse_Gasses(Country_Name, Per_Capita_GHG) VALUES ('Liberia',0.95804534); 
INSERT INTO Greenhouse_Gasses(Country_Name, Per_Capita_GHG) VALUES ('Libya',14.1218679); 
INSERT INTO Greenhouse_Gasses(Country_Name, Per_Capita_GHG) VALUES ('St.Lucia',1.92639801); 
INSERT INTO Greenhouse_Gasses(Country_Name, Per_Capita_GHG) VALUES ('Sri Lanka',1.98292135); 
INSERT INTO Greenhouse_Gasses(Country_Name, Per_Capita_GHG) VALUES ('Lesotho',1.28274306); 
INSERT INTO Greenhouse_Gasses(Country_Name, Per_Capita_GHG) VALUES ('Lithuania',7.92105459); 
INSERT INTO Greenhouse_Gasses(Country_Name, Per_Capita_GHG) VALUES ('Luxembourg',17.6938421); 
INSERT INTO Greenhouse_Gasses(Country_Name, Per_Capita_GHG) VALUES ('Latvia',6.41116225); 
INSERT INTO Greenhouse_Gasses(Country_Name, Per_Capita_GHG) VALUES ('Macao',4.2225209); 
INSERT INTO Greenhouse_Gasses(Country_Name, Per_Capita_GHG) VALUES ('Morocco',2.88551897); 
INSERT INTO Greenhouse_Gasses(Country_Name, Per_Capita_GHG) VALUES ('Moldova',3.11057622); 
INSERT INTO Greenhouse_Gasses(Country_Name, Per_Capita_GHG) VALUES ('Madagascar',1.26354572); 
INSERT INTO Greenhouse_Gasses(Country_Name, Per_Capita_GHG) VALUES ('Maldives',5.33214373); 
INSERT INTO Greenhouse_Gasses(Country_Name, Per_Capita_GHG) VALUES ('Mexico',5.97141719); 
INSERT INTO Greenhouse_Gasses(Country_Name, Per_Capita_GHG) VALUES ('North Macedonia',4.96558043); 
INSERT INTO Greenhouse_Gasses(Country_Name, Per_Capita_GHG) VALUES ('Mali',2.25734169); 
INSERT INTO Greenhouse_Gasses(Country_Name, Per_Capita_GHG) VALUES ('Malta',4.69860794); 
INSERT INTO Greenhouse_Gasses(Country_Name, Per_Capita_GHG) VALUES ('Myanmar',2.97271222); 
INSERT INTO Greenhouse_Gasses(Country_Name, Per_Capita_GHG) VALUES ('Mongolia',21.1198192); 
INSERT INTO Greenhouse_Gasses(Country_Name, Per_Capita_GHG) VALUES ('Mozambique',1.26741718); 
INSERT INTO Greenhouse_Gasses(Country_Name, Per_Capita_GHG) VALUES ('Mauritania',3.32306939); 
INSERT INTO Greenhouse_Gasses(Country_Name, Per_Capita_GHG) VALUES ('Martinique',2.73336018); 
INSERT INTO Greenhouse_Gasses(Country_Name, Per_Capita_GHG) VALUES ('Mauritius',4.76653168); 
INSERT INTO Greenhouse_Gasses(Country_Name, Per_Capita_GHG) VALUES ('Malawi',0.91575459); 
INSERT INTO Greenhouse_Gasses(Country_Name, Per_Capita_GHG) VALUES ('Malaysia',10.1838052); 
INSERT INTO Greenhouse_Gasses(Country_Name, Per_Capita_GHG) VALUES ('Namibia',4.81226667); 
INSERT INTO Greenhouse_Gasses(Country_Name, Per_Capita_GHG) VALUES ('New Caledonia',24.2608721); 
INSERT INTO Greenhouse_Gasses(Country_Name, Per_Capita_GHG) VALUES ('Niger',1.62201751); 
INSERT INTO Greenhouse_Gasses(Country_Name, Per_Capita_GHG) VALUES ('Nigeria',2.14155763); 
INSERT INTO Greenhouse_Gasses(Country_Name, Per_Capita_GHG) VALUES ('Nicaragua',3.11443631); 
INSERT INTO Greenhouse_Gasses(Country_Name, Per_Capita_GHG) VALUES ('Netherlands',11.6961634); 
INSERT INTO Greenhouse_Gasses(Country_Name, Per_Capita_GHG) VALUES ('Norway',13.5805586); 
INSERT INTO Greenhouse_Gasses(Country_Name, Per_Capita_GHG) VALUES ('Nepal',1.86862953); 
INSERT INTO Greenhouse_Gasses(Country_Name, Per_Capita_GHG) VALUES ('New Zealand',18.4680211); 
INSERT INTO Greenhouse_Gasses(Country_Name, Per_Capita_GHG) VALUES ('Oman',26.0873286); 
INSERT INTO Greenhouse_Gasses(Country_Name, Per_Capita_GHG) VALUES ('Pakistan',2.5424496); 
INSERT INTO Greenhouse_Gasses(Country_Name, Per_Capita_GHG) VALUES ('Panama',4.01297107); 
INSERT INTO Greenhouse_Gasses(Country_Name, Per_Capita_GHG) VALUES ('Peru',2.96988757); 
INSERT INTO Greenhouse_Gasses(Country_Name, Per_Capita_GHG) VALUES ('Philippines',2.30989591); 
INSERT INTO Greenhouse_Gasses(Country_Name, Per_Capita_GHG) VALUES ('Palau',58.5977342); 
INSERT INTO Greenhouse_Gasses(Country_Name, Per_Capita_GHG) VALUES ('Papua New Guinea',1.40080394); 
INSERT INTO Greenhouse_Gasses(Country_Name, Per_Capita_GHG) VALUES ('Poland',10.789081); 
INSERT INTO Greenhouse_Gasses(Country_Name, Per_Capita_GHG) VALUES ('Puerto Rico',4.42818263); 
INSERT INTO Greenhouse_Gasses(Country_Name, Per_Capita_GHG) VALUES ('North Korea',3.06693775); 
INSERT INTO Greenhouse_Gasses(Country_Name, Per_Capita_GHG) VALUES ('Portugal',6.63630268); 
INSERT INTO Greenhouse_Gasses(Country_Name, Per_Capita_GHG) VALUES ('Paraguay',6.20836982); 
INSERT INTO Greenhouse_Gasses(Country_Name, Per_Capita_GHG) VALUES ('French Polynesia',4.27881379); 
INSERT INTO Greenhouse_Gasses(Country_Name, Per_Capita_GHG) VALUES ('Qatar',70.7433594); 
INSERT INTO Greenhouse_Gasses(Country_Name, Per_Capita_GHG) VALUES ('Réunion',3.46637521); 
INSERT INTO Greenhouse_Gasses(Country_Name, Per_Capita_GHG) VALUES ('Romania',6.24560548); 
INSERT INTO Greenhouse_Gasses(Country_Name, Per_Capita_GHG) VALUES ('Russian Federation',16.976252); 
INSERT INTO Greenhouse_Gasses(Country_Name, Per_Capita_GHG) VALUES ('Rwanda',0.6743442); 
INSERT INTO Greenhouse_Gasses(Country_Name, Per_Capita_GHG) VALUES ('Saudi Arabia',22.6043047); 
INSERT INTO Greenhouse_Gasses(Country_Name, Per_Capita_GHG) VALUES ('Serbia and Montenegro',7.4948002); 
INSERT INTO Greenhouse_Gasses(Country_Name, Per_Capita_GHG) VALUES ('Sudan and South Sudan',2.6679499); 
INSERT INTO Greenhouse_Gasses(Country_Name, Per_Capita_GHG) VALUES ('Senegal',1.63555414); 
INSERT INTO Greenhouse_Gasses(Country_Name, Per_Capita_GHG) VALUES ('Singapore',11.8315444); 
INSERT INTO Greenhouse_Gasses(Country_Name, Per_Capita_GHG) VALUES ('Saint Helena, Ascension and Tristan da Cunha',4.8014976); 
INSERT INTO Greenhouse_Gasses(Country_Name, Per_Capita_GHG) VALUES ('Solomon Islands',0.97899931); 
INSERT INTO Greenhouse_Gasses(Country_Name, Per_Capita_GHG) VALUES ('Sierra Leone',1.02623764); 
INSERT INTO Greenhouse_Gasses(Country_Name, Per_Capita_GHG) VALUES ('El Salvador',1.89547185); 
INSERT INTO Greenhouse_Gasses(Country_Name, Per_Capita_GHG) VALUES ('Somalia',2.06056413); 
INSERT INTO Greenhouse_Gasses(Country_Name, Per_Capita_GHG) VALUES ('St.Pierre and Miquelon',7.67076389); 
INSERT INTO Greenhouse_Gasses(Country_Name, Per_Capita_GHG) VALUES ('São Tomé and Príncipe',1.12869046); 
INSERT INTO Greenhouse_Gasses(Country_Name, Per_Capita_GHG) VALUES ('Suriname',5.82603006); 
INSERT INTO Greenhouse_Gasses(Country_Name, Per_Capita_GHG) VALUES ('Slovakia',8.58495876); 
INSERT INTO Greenhouse_Gasses(Country_Name, Per_Capita_GHG) VALUES ('Slovenia',9.5818605); 
INSERT INTO Greenhouse_Gasses(Country_Name, Per_Capita_GHG) VALUES ('Sweden',6.34652844); 
INSERT INTO Greenhouse_Gasses(Country_Name, Per_Capita_GHG) VALUES ('Eswatini',2.24006482); 
INSERT INTO Greenhouse_Gasses(Country_Name, Per_Capita_GHG) VALUES ('Seychelles',11.3007141); 
INSERT INTO Greenhouse_Gasses(Country_Name, Per_Capita_GHG) VALUES ('Syria',2.51063038); 
INSERT INTO Greenhouse_Gasses(Country_Name, Per_Capita_GHG) VALUES ('Turks and Caicos Islands',2.92665171); 
INSERT INTO Greenhouse_Gasses(Country_Name, Per_Capita_GHG) VALUES ('Chad',4.83622571); 
INSERT INTO Greenhouse_Gasses(Country_Name, Per_Capita_GHG) VALUES ('Togo',1.17979148); 
INSERT INTO Greenhouse_Gasses(Country_Name, Per_Capita_GHG) VALUES ('Thailand',6.45087589); 
INSERT INTO Greenhouse_Gasses(Country_Name, Per_Capita_GHG) VALUES ('Tajikistan',2.16773855); 
INSERT INTO Greenhouse_Gasses(Country_Name, Per_Capita_GHG) VALUES ('Turkmenistan',21.0982931); 
INSERT INTO Greenhouse_Gasses(Country_Name, Per_Capita_GHG) VALUES ('Timor-Leste',2.38260209); 
INSERT INTO Greenhouse_Gasses(Country_Name, Per_Capita_GHG) VALUES ('Tonga',2.51391929); 
INSERT INTO Greenhouse_Gasses(Country_Name, Per_Capita_GHG) VALUES ('Trinidad and Tobago',37.323667); 
INSERT INTO Greenhouse_Gasses(Country_Name, Per_Capita_GHG) VALUES ('Tunisia',3.75266881); 
INSERT INTO Greenhouse_Gasses(Country_Name, Per_Capita_GHG) VALUES ('Turkey',7.37163207); 
INSERT INTO Greenhouse_Gasses(Country_Name, Per_Capita_GHG) VALUES ('Taiwan',13.4186701); 
INSERT INTO Greenhouse_Gasses(Country_Name, Per_Capita_GHG) VALUES ('Tanzania',1.33996613); 
INSERT INTO Greenhouse_Gasses(Country_Name, Per_Capita_GHG) VALUES ('Uganda',1.11633913); 
INSERT INTO Greenhouse_Gasses(Country_Name, Per_Capita_GHG) VALUES ('Ukraine',6.69756702); 
INSERT INTO Greenhouse_Gasses(Country_Name, Per_Capita_GHG) VALUES ('Uruguay',11.7381208); 
INSERT INTO Greenhouse_Gasses(Country_Name, Per_Capita_GHG) VALUES ('United States',19.2421754); 
INSERT INTO Greenhouse_Gasses(Country_Name, Per_Capita_GHG) VALUES ('Uzbekistan',6.58637388); 
INSERT INTO Greenhouse_Gasses(Country_Name, Per_Capita_GHG) VALUES ('St.Vincent and the Grenadines',1.55919332); 
INSERT INTO Greenhouse_Gasses(Country_Name, Per_Capita_GHG) VALUES ('Venezuela',6.7049509); 
INSERT INTO Greenhouse_Gasses(Country_Name, Per_Capita_GHG) VALUES ('British Virgin Islands',3.04298468); 
INSERT INTO Greenhouse_Gasses(Country_Name, Per_Capita_GHG) VALUES ('Viet Nam',4.57982077); 
INSERT INTO Greenhouse_Gasses(Country_Name, Per_Capita_GHG) VALUES ('Vanuatu',2.4564378); 
INSERT INTO Greenhouse_Gasses(Country_Name, Per_Capita_GHG) VALUES ('Samoa',2.98782252); 
INSERT INTO Greenhouse_Gasses(Country_Name, Per_Capita_GHG) VALUES ('Yemen',1.2053589); 
INSERT INTO Greenhouse_Gasses(Country_Name, Per_Capita_GHG) VALUES ('South Africa',10.5541004); 
INSERT INTO Greenhouse_Gasses(Country_Name, Per_Capita_GHG) VALUES ('Zambia',1.61406963); 
INSERT INTO Greenhouse_Gasses(Country_Name, Per_Capita_GHG) VALUES ('Zimbabwe',1.84904464); 

 
INSERT INTO Paris_Agreement_Member(Country_Name, Date_Joined) VALUES ('Afghanistan','22 Apr 2016'); 
INSERT INTO Paris_Agreement_Member(Country_Name, Date_Joined) VALUES ('Albania','22 Apr 2016'); 
INSERT INTO Paris_Agreement_Member(Country_Name, Date_Joined) VALUES ('Algeria','22 Apr 2016'); 
INSERT INTO Paris_Agreement_Member(Country_Name, Date_Joined) VALUES ('Andorra','22 Apr 2016'); 
INSERT INTO Paris_Agreement_Member(Country_Name, Date_Joined) VALUES ('Angola','22 Apr 2016'); 
INSERT INTO Paris_Agreement_Member(Country_Name, Date_Joined) VALUES ('Antigua and Barbuda','22 Apr 2016'); 
INSERT INTO Paris_Agreement_Member(Country_Name, Date_Joined) VALUES ('Argentina','22 Apr 2016'); 
INSERT INTO Paris_Agreement_Member(Country_Name, Date_Joined) VALUES ('Armenia','20 Sep 2016'); 
INSERT INTO Paris_Agreement_Member(Country_Name, Date_Joined) VALUES ('Australia','22 Apr 2016'); 
INSERT INTO Paris_Agreement_Member(Country_Name, Date_Joined) VALUES ('Austria','22 Apr 2016'); 
INSERT INTO Paris_Agreement_Member(Country_Name, Date_Joined) VALUES ('Azerbaijan','22 Apr 2016'); 
INSERT INTO Paris_Agreement_Member(Country_Name, Date_Joined) VALUES ('Bahamas','22 Apr 2016'); 
INSERT INTO Paris_Agreement_Member(Country_Name, Date_Joined) VALUES ('Bahrain','22 Apr 2016'); 
INSERT INTO Paris_Agreement_Member(Country_Name, Date_Joined) VALUES ('Bangladesh','22 Apr 2016'); 
INSERT INTO Paris_Agreement_Member(Country_Name, Date_Joined) VALUES ('Barbados','22 Apr 2016'); 
INSERT INTO Paris_Agreement_Member(Country_Name, Date_Joined) VALUES ('Belarus','22 Apr 2016'); 
INSERT INTO Paris_Agreement_Member(Country_Name, Date_Joined) VALUES ('Belgium','22 Apr 2016'); 
INSERT INTO Paris_Agreement_Member(Country_Name, Date_Joined) VALUES ('Belize','22 Apr 2016'); 
INSERT INTO Paris_Agreement_Member(Country_Name, Date_Joined) VALUES ('Benin','22 Apr 2016'); 
INSERT INTO Paris_Agreement_Member(Country_Name, Date_Joined) VALUES ('Bhutan','22 Apr 2016'); 
INSERT INTO Paris_Agreement_Member(Country_Name, Date_Joined) VALUES ('Bolivia','22 Apr 2016'); 
INSERT INTO Paris_Agreement_Member(Country_Name, Date_Joined) VALUES ('Bosnia and Herzegovina','22 Apr 2016'); 
INSERT INTO Paris_Agreement_Member(Country_Name, Date_Joined) VALUES ('Botswana','22 Apr 2016'); 
INSERT INTO Paris_Agreement_Member(Country_Name, Date_Joined) VALUES ('Brazil','22 Apr 2016'); 
INSERT INTO Paris_Agreement_Member(Country_Name, Date_Joined) VALUES ('Brunei Darussalam','22 Apr 2016'); 
INSERT INTO Paris_Agreement_Member(Country_Name, Date_Joined) VALUES ('Bulgaria','22 Apr 2016'); 
INSERT INTO Paris_Agreement_Member(Country_Name, Date_Joined) VALUES ('Burkina Faso','22 Apr 2016'); 
INSERT INTO Paris_Agreement_Member(Country_Name, Date_Joined) VALUES ('Burundi','22 Apr 2016'); 
INSERT INTO Paris_Agreement_Member(Country_Name, Date_Joined) VALUES ('Cabo Verde','22 Apr 2016'); 
INSERT INTO Paris_Agreement_Member(Country_Name, Date_Joined) VALUES ('Cambodia','22 Apr 2016'); 
INSERT INTO Paris_Agreement_Member(Country_Name, Date_Joined) VALUES ('Cameroon','22 Apr 2016'); 
INSERT INTO Paris_Agreement_Member(Country_Name, Date_Joined) VALUES ('Canada','22 Apr 2016'); 
INSERT INTO Paris_Agreement_Member(Country_Name, Date_Joined) VALUES ('Central African Republic','22 Apr 2016'); 
INSERT INTO Paris_Agreement_Member(Country_Name, Date_Joined) VALUES ('Chad','22 Apr 2016'); 
INSERT INTO Paris_Agreement_Member(Country_Name, Date_Joined) VALUES ('Chile','20 Sep 2016'); 
INSERT INTO Paris_Agreement_Member(Country_Name, Date_Joined) VALUES ('China','22 Apr 2016'); 
INSERT INTO Paris_Agreement_Member(Country_Name, Date_Joined) VALUES ('Colombia','22 Apr 2016'); 
INSERT INTO Paris_Agreement_Member(Country_Name, Date_Joined) VALUES ('Comoros','22 Apr 2016'); 
INSERT INTO Paris_Agreement_Member(Country_Name, Date_Joined) VALUES ('Congo','22 Apr 2016'); 
INSERT INTO Paris_Agreement_Member(Country_Name, Date_Joined) VALUES ('Cook Islands','24 Jun 2016'); 
INSERT INTO Paris_Agreement_Member(Country_Name, Date_Joined) VALUES ('Costa Rica','22 Apr 2016'); 
INSERT INTO Paris_Agreement_Member(Country_Name, Date_Joined) VALUES ('Côte d''Ivoire','22 Apr 2016'); 
INSERT INTO Paris_Agreement_Member(Country_Name, Date_Joined) VALUES ('Croatia','22 Apr 2016'); 
INSERT INTO Paris_Agreement_Member(Country_Name, Date_Joined) VALUES ('Cuba','22 Apr 2016'); 
INSERT INTO Paris_Agreement_Member(Country_Name, Date_Joined) VALUES ('Cyprus','22 Apr 2016'); 
INSERT INTO Paris_Agreement_Member(Country_Name, Date_Joined) VALUES ('Czech Republic','22 Apr 2016'); 
INSERT INTO Paris_Agreement_Member(Country_Name, Date_Joined) VALUES ('Democratic People''s Republic of Korea','22 Apr 2016'); 
INSERT INTO Paris_Agreement_Member(Country_Name, Date_Joined) VALUES ('Democratic Republic of the Congo','22 Apr 2016'); 
INSERT INTO Paris_Agreement_Member(Country_Name, Date_Joined) VALUES ('Denmark','22 Apr 2016'); 
INSERT INTO Paris_Agreement_Member(Country_Name, Date_Joined) VALUES ('Djibouti','22 Apr 2016'); 
INSERT INTO Paris_Agreement_Member(Country_Name, Date_Joined) VALUES ('Dominica','22 Apr 2016'); 
INSERT INTO Paris_Agreement_Member(Country_Name, Date_Joined) VALUES ('Dominican Republic','22 Apr 2016'); 
INSERT INTO Paris_Agreement_Member(Country_Name, Date_Joined) VALUES ('Ecuador','26 Jul 2016'); 
INSERT INTO Paris_Agreement_Member(Country_Name, Date_Joined) VALUES ('Egypt','22 Apr 2016'); 
INSERT INTO Paris_Agreement_Member(Country_Name, Date_Joined) VALUES ('El Salvador','22 Apr 2016'); 
INSERT INTO Paris_Agreement_Member(Country_Name, Date_Joined) VALUES ('Equatorial Guinea','22 Apr 2016'); 
INSERT INTO Paris_Agreement_Member(Country_Name, Date_Joined) VALUES ('Eritrea','22 Apr 2016'); 
INSERT INTO Paris_Agreement_Member(Country_Name, Date_Joined) VALUES ('Estonia','22 Apr 2016'); 
INSERT INTO Paris_Agreement_Member(Country_Name, Date_Joined) VALUES ('Eswatini','22 Apr 2016'); 
INSERT INTO Paris_Agreement_Member(Country_Name, Date_Joined) VALUES ('Ethiopia','22 Apr 2016'); 
INSERT INTO Paris_Agreement_Member(Country_Name, Date_Joined) VALUES ('Fiji','22 Apr 2016'); 
INSERT INTO Paris_Agreement_Member(Country_Name, Date_Joined) VALUES ('Finland','22 Apr 2016'); 
INSERT INTO Paris_Agreement_Member(Country_Name, Date_Joined) VALUES ('France','22 Apr 2016'); 
INSERT INTO Paris_Agreement_Member(Country_Name, Date_Joined) VALUES ('Gabon','22 Apr 2016'); 
INSERT INTO Paris_Agreement_Member(Country_Name, Date_Joined) VALUES ('Gambia','26 Apr 2016'); 
INSERT INTO Paris_Agreement_Member(Country_Name, Date_Joined) VALUES ('Georgia','22 Apr 2016'); 
INSERT INTO Paris_Agreement_Member(Country_Name, Date_Joined) VALUES ('Germany','22 Apr 2016'); 
INSERT INTO Paris_Agreement_Member(Country_Name, Date_Joined) VALUES ('Ghana','22 Apr 2016'); 
INSERT INTO Paris_Agreement_Member(Country_Name, Date_Joined) VALUES ('Greece','22 Apr 2016'); 
INSERT INTO Paris_Agreement_Member(Country_Name, Date_Joined) VALUES ('Grenada','22 Apr 2016'); 
INSERT INTO Paris_Agreement_Member(Country_Name, Date_Joined) VALUES ('Guatemala','22 Apr 2016'); 
INSERT INTO Paris_Agreement_Member(Country_Name, Date_Joined) VALUES ('Guinea','22 Apr 2016'); 
INSERT INTO Paris_Agreement_Member(Country_Name, Date_Joined) VALUES ('Guinea Bissau','22 Apr 2016'); 
INSERT INTO Paris_Agreement_Member(Country_Name, Date_Joined) VALUES ('Guyana','22 Apr 2016'); 
INSERT INTO Paris_Agreement_Member(Country_Name, Date_Joined) VALUES ('Haiti','22 Apr 2016'); 
INSERT INTO Paris_Agreement_Member(Country_Name, Date_Joined) VALUES ('Holy See',NULL); 
INSERT INTO Paris_Agreement_Member(Country_Name, Date_Joined) VALUES ('Honduras','22 Apr 2016'); 
INSERT INTO Paris_Agreement_Member(Country_Name, Date_Joined) VALUES ('Hungary','22 Apr 2016'); 
INSERT INTO Paris_Agreement_Member(Country_Name, Date_Joined) VALUES ('Iceland','22 Apr 2016'); 
INSERT INTO Paris_Agreement_Member(Country_Name, Date_Joined) VALUES ('India','22 Apr 2016'); 
INSERT INTO Paris_Agreement_Member(Country_Name, Date_Joined) VALUES ('Indonesia','22 Apr 2016'); 
INSERT INTO Paris_Agreement_Member(Country_Name, Date_Joined) VALUES ('Iran (Islamic Republic of)','22 Apr 2016'); 
INSERT INTO Paris_Agreement_Member(Country_Name, Date_Joined) VALUES ('Iraq','8 Dec 2016'); 
INSERT INTO Paris_Agreement_Member(Country_Name, Date_Joined) VALUES ('Ireland','22 Apr 2016'); 
INSERT INTO Paris_Agreement_Member(Country_Name, Date_Joined) VALUES ('Israel','22 Apr 2016'); 
INSERT INTO Paris_Agreement_Member(Country_Name, Date_Joined) VALUES ('Italy','22 Apr 2016'); 
INSERT INTO Paris_Agreement_Member(Country_Name, Date_Joined) VALUES ('Jamaica','22 Apr 2016'); 
INSERT INTO Paris_Agreement_Member(Country_Name, Date_Joined) VALUES ('Japan','22 Apr 2016'); 
INSERT INTO Paris_Agreement_Member(Country_Name, Date_Joined) VALUES ('Jordan','22 Apr 2016'); 
INSERT INTO Paris_Agreement_Member(Country_Name, Date_Joined) VALUES ('Kazakhstan','2 Aug 2016'); 
INSERT INTO Paris_Agreement_Member(Country_Name, Date_Joined) VALUES ('Kenya','22 Apr 2016'); 
INSERT INTO Paris_Agreement_Member(Country_Name, Date_Joined) VALUES ('Kiribati','22 Apr 2016'); 
INSERT INTO Paris_Agreement_Member(Country_Name, Date_Joined) VALUES ('Kuwait','22 Apr 2016'); 
INSERT INTO Paris_Agreement_Member(Country_Name, Date_Joined) VALUES ('Kyrgyzstan','21 Sep 2016'); 
INSERT INTO Paris_Agreement_Member(Country_Name, Date_Joined) VALUES ('Lao People''s Democratic Republic','22 Apr 2016'); 
INSERT INTO Paris_Agreement_Member(Country_Name, Date_Joined) VALUES ('Latvia','22 Apr 2016'); 
INSERT INTO Paris_Agreement_Member(Country_Name, Date_Joined) VALUES ('Lebanon','22 Apr 2016'); 
INSERT INTO Paris_Agreement_Member(Country_Name, Date_Joined) VALUES ('Lesotho','22 Apr 2016'); 
INSERT INTO Paris_Agreement_Member(Country_Name, Date_Joined) VALUES ('Liberia','22 Apr 2016'); 
INSERT INTO Paris_Agreement_Member(Country_Name, Date_Joined) VALUES ('Libya','22 Apr 2016'); 
INSERT INTO Paris_Agreement_Member(Country_Name, Date_Joined) VALUES ('Liechtenstein','22 Apr 2016'); 
INSERT INTO Paris_Agreement_Member(Country_Name, Date_Joined) VALUES ('Lithuania','22 Apr 2016'); 
INSERT INTO Paris_Agreement_Member(Country_Name, Date_Joined) VALUES ('Luxembourg','22 Apr 2016'); 
INSERT INTO Paris_Agreement_Member(Country_Name, Date_Joined) VALUES ('Madagascar','22 Apr 2016'); 
INSERT INTO Paris_Agreement_Member(Country_Name, Date_Joined) VALUES ('Malawi','20 Sep 2016'); 
INSERT INTO Paris_Agreement_Member(Country_Name, Date_Joined) VALUES ('Malaysia','22 Apr 2016'); 
INSERT INTO Paris_Agreement_Member(Country_Name, Date_Joined) VALUES ('Maldives','22 Apr 2016'); 
INSERT INTO Paris_Agreement_Member(Country_Name, Date_Joined) VALUES ('Mali','22 Apr 2016'); 
INSERT INTO Paris_Agreement_Member(Country_Name, Date_Joined) VALUES ('Malta','22 Apr 2016'); 
INSERT INTO Paris_Agreement_Member(Country_Name, Date_Joined) VALUES ('Marshall Islands','22 Apr 2016'); 
INSERT INTO Paris_Agreement_Member(Country_Name, Date_Joined) VALUES ('Mauritania','22 Apr 2016'); 
INSERT INTO Paris_Agreement_Member(Country_Name, Date_Joined) VALUES ('Mauritius','22 Apr 2016'); 
INSERT INTO Paris_Agreement_Member(Country_Name, Date_Joined) VALUES ('Mexico','22 Apr 2016'); 
INSERT INTO Paris_Agreement_Member(Country_Name, Date_Joined) VALUES ('Micronesia','22 Apr 2016'); 
INSERT INTO Paris_Agreement_Member(Country_Name, Date_Joined) VALUES ('Monaco','22 Apr 2016'); 
INSERT INTO Paris_Agreement_Member(Country_Name, Date_Joined) VALUES ('Mongolia','22 Apr 2016'); 
INSERT INTO Paris_Agreement_Member(Country_Name, Date_Joined) VALUES ('Montenegro','22 Apr 2016'); 
INSERT INTO Paris_Agreement_Member(Country_Name, Date_Joined) VALUES ('Morocco','22 Apr 2016'); 
INSERT INTO Paris_Agreement_Member(Country_Name, Date_Joined) VALUES ('Mozambique','22 Apr 2016'); 
INSERT INTO Paris_Agreement_Member(Country_Name, Date_Joined) VALUES ('Myanmar','22 Apr 2016'); 
INSERT INTO Paris_Agreement_Member(Country_Name, Date_Joined) VALUES ('Namibia','22 Apr 2016'); 
INSERT INTO Paris_Agreement_Member(Country_Name, Date_Joined) VALUES ('Nauru','22 Apr 2016'); 
INSERT INTO Paris_Agreement_Member(Country_Name, Date_Joined) VALUES ('Nepal','22 Apr 2016'); 
INSERT INTO Paris_Agreement_Member(Country_Name, Date_Joined) VALUES ('Netherlands','22 Apr 2016'); 
INSERT INTO Paris_Agreement_Member(Country_Name, Date_Joined) VALUES ('New Zealand','22 Apr 2016'); 
INSERT INTO Paris_Agreement_Member(Country_Name, Date_Joined) VALUES ('Nicaragua',NULL); 
INSERT INTO Paris_Agreement_Member(Country_Name, Date_Joined) VALUES ('Niger','22 Apr 2016'); 
INSERT INTO Paris_Agreement_Member(Country_Name, Date_Joined) VALUES ('Nigeria','22 Sep 2016'); 
INSERT INTO Paris_Agreement_Member(Country_Name, Date_Joined) VALUES ('Niue','28 Oct 2016'); 
INSERT INTO Paris_Agreement_Member(Country_Name, Date_Joined) VALUES ('North Macedonia','22 Apr 2016'); 
INSERT INTO Paris_Agreement_Member(Country_Name, Date_Joined) VALUES ('Norway','22 Apr 2016'); 
INSERT INTO Paris_Agreement_Member(Country_Name, Date_Joined) VALUES ('Oman','22 Apr 2016'); 
INSERT INTO Paris_Agreement_Member(Country_Name, Date_Joined) VALUES ('Pakistan','22 Apr 2016'); 
INSERT INTO Paris_Agreement_Member(Country_Name, Date_Joined) VALUES ('Palau','22 Apr 2016'); 
INSERT INTO Paris_Agreement_Member(Country_Name, Date_Joined) VALUES ('Panama','22 Apr 2016'); 
INSERT INTO Paris_Agreement_Member(Country_Name, Date_Joined) VALUES ('Papua New Guinea','22 Apr 2016'); 
INSERT INTO Paris_Agreement_Member(Country_Name, Date_Joined) VALUES ('Paraguay','22 Apr 2016'); 
INSERT INTO Paris_Agreement_Member(Country_Name, Date_Joined) VALUES ('Peru','22 Apr 2016'); 
INSERT INTO Paris_Agreement_Member(Country_Name, Date_Joined) VALUES ('Philippines','22 Apr 2016'); 
INSERT INTO Paris_Agreement_Member(Country_Name, Date_Joined) VALUES ('Poland','22 Apr 2016'); 
INSERT INTO Paris_Agreement_Member(Country_Name, Date_Joined) VALUES ('Portugal','22 Apr 2016'); 
INSERT INTO Paris_Agreement_Member(Country_Name, Date_Joined) VALUES ('Qatar','22 Apr 2016'); 
INSERT INTO Paris_Agreement_Member(Country_Name, Date_Joined) VALUES ('Republic of Korea','22 Apr 2016'); 
INSERT INTO Paris_Agreement_Member(Country_Name, Date_Joined) VALUES ('Moldova','21 Sep 2016'); 
INSERT INTO Paris_Agreement_Member(Country_Name, Date_Joined) VALUES ('Romania','22 Apr 2016'); 
INSERT INTO Paris_Agreement_Member(Country_Name, Date_Joined) VALUES ('Russian Federation','22 Apr 2016'); 
INSERT INTO Paris_Agreement_Member(Country_Name, Date_Joined) VALUES ('Rwanda','22 Apr 2016'); 
INSERT INTO Paris_Agreement_Member(Country_Name, Date_Joined) VALUES ('Samoa','22 Apr 2016'); 
INSERT INTO Paris_Agreement_Member(Country_Name, Date_Joined) VALUES ('San Marino','22 Apr 2016'); 
INSERT INTO Paris_Agreement_Member(Country_Name, Date_Joined) VALUES ('Sao Tome and Principe','22 Apr 2016'); 
INSERT INTO Paris_Agreement_Member(Country_Name, Date_Joined) VALUES ('Saudi Arabia','3 Nov 2016'); 
INSERT INTO Paris_Agreement_Member(Country_Name, Date_Joined) VALUES ('Senegal','22 Apr 2016'); 
INSERT INTO Paris_Agreement_Member(Country_Name, Date_Joined) VALUES ('Serbia','22 Apr 2016'); 
INSERT INTO Paris_Agreement_Member(Country_Name, Date_Joined) VALUES ('Seychelles','25 Apr 2016'); 
INSERT INTO Paris_Agreement_Member(Country_Name, Date_Joined) VALUES ('Sierra Leone','22 Sep 2016'); 
INSERT INTO Paris_Agreement_Member(Country_Name, Date_Joined) VALUES ('Singapore','22 Apr 2016'); 
INSERT INTO Paris_Agreement_Member(Country_Name, Date_Joined) VALUES ('Slovakia','22 Apr 2016'); 
INSERT INTO Paris_Agreement_Member(Country_Name, Date_Joined) VALUES ('Slovenia','22 Apr 2016'); 
INSERT INTO Paris_Agreement_Member(Country_Name, Date_Joined) VALUES ('Solomon Islands','22 Apr 2016'); 
INSERT INTO Paris_Agreement_Member(Country_Name, Date_Joined) VALUES ('Somalia','22 Apr 2016'); 
INSERT INTO Paris_Agreement_Member(Country_Name, Date_Joined) VALUES ('South Africa','22 Apr 2016'); 
INSERT INTO Paris_Agreement_Member(Country_Name, Date_Joined) VALUES ('South Sudan','22 Apr 2016'); 
INSERT INTO Paris_Agreement_Member(Country_Name, Date_Joined) VALUES ('Spain','22 Apr 2016'); 
INSERT INTO Paris_Agreement_Member(Country_Name, Date_Joined) VALUES ('Sri Lanka','22 Apr 2016'); 
INSERT INTO Paris_Agreement_Member(Country_Name, Date_Joined) VALUES ('St.Kitts and Nevis','22 Apr 2016'); 
INSERT INTO Paris_Agreement_Member(Country_Name, Date_Joined) VALUES ('St.Lucia','22 Apr 2016'); 
INSERT INTO Paris_Agreement_Member(Country_Name, Date_Joined) VALUES ('St.Vincent and the Grenadines','22 Apr 2016'); 
INSERT INTO Paris_Agreement_Member(Country_Name, Date_Joined) VALUES ('State of Palestine','22 Apr 2016'); 
INSERT INTO Paris_Agreement_Member(Country_Name, Date_Joined) VALUES ('Sudan','22 Apr 2016'); 
INSERT INTO Paris_Agreement_Member(Country_Name, Date_Joined) VALUES ('Suriname','22 Apr 2016'); 
INSERT INTO Paris_Agreement_Member(Country_Name, Date_Joined) VALUES ('Sweden','22 Apr 2016'); 
INSERT INTO Paris_Agreement_Member(Country_Name, Date_Joined) VALUES ('Switzerland','22 Apr 2016'); 
INSERT INTO Paris_Agreement_Member(Country_Name, Date_Joined) VALUES ('Syrian Arab Republic',NULL); 
INSERT INTO Paris_Agreement_Member(Country_Name, Date_Joined) VALUES ('Tajikistan','22 Apr 2016'); 
INSERT INTO Paris_Agreement_Member(Country_Name, Date_Joined) VALUES ('Thailand','22 Apr 2016'); 
INSERT INTO Paris_Agreement_Member(Country_Name, Date_Joined) VALUES ('Timor Leste','22 Apr 2016'); 
INSERT INTO Paris_Agreement_Member(Country_Name, Date_Joined) VALUES ('Togo','19 Sep 2016'); 
INSERT INTO Paris_Agreement_Member(Country_Name, Date_Joined) VALUES ('Tonga','22 Apr 2016'); 
INSERT INTO Paris_Agreement_Member(Country_Name, Date_Joined) VALUES ('Trinidad and Tobago','22 Apr 2016'); 
INSERT INTO Paris_Agreement_Member(Country_Name, Date_Joined) VALUES ('Tunisia','22 Apr 2016'); 
INSERT INTO Paris_Agreement_Member(Country_Name, Date_Joined) VALUES ('Turkey','22 Apr 2016'); 
INSERT INTO Paris_Agreement_Member(Country_Name, Date_Joined) VALUES ('Turkmenistan','23 Sep 2016'); 
INSERT INTO Paris_Agreement_Member(Country_Name, Date_Joined) VALUES ('Tuvalu','22 Apr 2016'); 
INSERT INTO Paris_Agreement_Member(Country_Name, Date_Joined) VALUES ('Uganda','22 Apr 2016'); 
INSERT INTO Paris_Agreement_Member(Country_Name, Date_Joined) VALUES ('Ukraine','22 Apr 2016'); 
INSERT INTO Paris_Agreement_Member(Country_Name, Date_Joined) VALUES ('United Arab Emirates','22 Apr 2016'); 
INSERT INTO Paris_Agreement_Member(Country_Name, Date_Joined) VALUES ('United Kingdom','22 Apr 2016'); 
INSERT INTO Paris_Agreement_Member(Country_Name, Date_Joined) VALUES ('Tanzania','22 Apr 2016'); 
INSERT INTO Paris_Agreement_Member(Country_Name, Date_Joined) VALUES ('United States of America','22 Apr 2016'); 
INSERT INTO Paris_Agreement_Member(Country_Name, Date_Joined) VALUES ('Uruguay','22 Apr 2016'); 
INSERT INTO Paris_Agreement_Member(Country_Name, Date_Joined) VALUES ('Uzbekistan','19 Apr 2017'); 
INSERT INTO Paris_Agreement_Member(Country_Name, Date_Joined) VALUES ('Vanuatu','22 Apr 2016'); 
INSERT INTO Paris_Agreement_Member(Country_Name, Date_Joined) VALUES ('Venezuela','22 Apr 2016'); 
INSERT INTO Paris_Agreement_Member(Country_Name, Date_Joined) VALUES ('Viet Nam','22 Apr 2016'); 
INSERT INTO Paris_Agreement_Member(Country_Name, Date_Joined) VALUES ('Republic of Yemen','23 Sep 2016'); 
INSERT INTO Paris_Agreement_Member(Country_Name, Date_Joined) VALUES ('Zambia','20 Sep 2016'); 
INSERT INTO Paris_Agreement_Member(Country_Name, Date_Joined) VALUES ('Zimbabwe','22 Apr 2016'); 
 

 
 
 
INSERT INTO Climate_Risk_Index(ID, Country_Name, CRI_Rank, CRI_Score, Fatalities_Rank, Fatalities_per_100000_inhabitants_Rank, Losses_in_US_million_Rank, Losses_per_unit_GDP_Rank) VALUES (0,'Albania',125,108.0,102,87,124,124); 
INSERT INTO Climate_Risk_Index(ID, Country_Name, CRI_Rank, CRI_Score, Fatalities_Rank, Fatalities_per_100000_inhabitants_Rank, Losses_in_US_million_Rank, Losses_per_unit_GDP_Rank) VALUES (1,'Algeria',109,93.83,47,76,110,127); 
INSERT INTO Climate_Risk_Index(ID, Country_Name, CRI_Rank, CRI_Score, Fatalities_Rank, Fatalities_per_100000_inhabitants_Rank, Losses_in_US_million_Rank, Losses_per_unit_GDP_Rank) VALUES (2,'Angola',80,76.0,52,72,82,89); 
INSERT INTO Climate_Risk_Index(ID, Country_Name, CRI_Rank, CRI_Score, Fatalities_Rank, Fatalities_per_100000_inhabitants_Rank, Losses_in_US_million_Rank, Losses_per_unit_GDP_Rank) VALUES (3,'Antigua and Barbuda',135,125.0,115,115,135,135); 
INSERT INTO Climate_Risk_Index(ID, Country_Name, CRI_Rank, CRI_Score, Fatalities_Rank, Fatalities_per_100000_inhabitants_Rank, Losses_in_US_million_Rank, Losses_per_unit_GDP_Rank) VALUES (4,'Argentina',40,48.33,61,101,5,11); 
INSERT INTO Climate_Risk_Index(ID, Country_Name, CRI_Rank, CRI_Score, Fatalities_Rank, Fatalities_per_100000_inhabitants_Rank, Losses_in_US_million_Rank, Losses_per_unit_GDP_Rank) VALUES (5,'Armenia',135,125.0,115,115,135,135); 
INSERT INTO Climate_Risk_Index(ID, Country_Name, CRI_Rank, CRI_Score, Fatalities_Rank, Fatalities_per_100000_inhabitants_Rank, Losses_in_US_million_Rank, Losses_per_unit_GDP_Rank) VALUES (6,'Australia',43,49.5,62,86,11,26); 
INSERT INTO Climate_Risk_Index(ID, Country_Name, CRI_Rank, CRI_Score, Fatalities_Rank, Fatalities_per_100000_inhabitants_Rank, Losses_in_US_million_Rank, Losses_per_unit_GDP_Rank) VALUES (7,'Austria',49,56.0,88,89,20,25); 
INSERT INTO Climate_Risk_Index(ID, Country_Name, CRI_Rank, CRI_Score, Fatalities_Rank, Fatalities_per_100000_inhabitants_Rank, Losses_in_US_million_Rank, Losses_per_unit_GDP_Rank) VALUES (8,'Azerbaijan',135,125.0,115,115,135,135); 
INSERT INTO Climate_Risk_Index(ID, Country_Name, CRI_Rank, CRI_Score, Fatalities_Rank, Fatalities_per_100000_inhabitants_Rank, Losses_in_US_million_Rank, Losses_per_unit_GDP_Rank) VALUES (9,'Bahrain',135,125.0,115,115,135,135); 
INSERT INTO Climate_Risk_Index(ID, Country_Name, CRI_Rank, CRI_Score, Fatalities_Rank, Fatalities_per_100000_inhabitants_Rank, Losses_in_US_million_Rank, Losses_per_unit_GDP_Rank) VALUES (10,'Bangladesh',98,85.5,18,79,97,120); 
INSERT INTO Climate_Risk_Index(ID, Country_Name, CRI_Rank, CRI_Score, Fatalities_Rank, Fatalities_per_100000_inhabitants_Rank, Losses_in_US_million_Rank, Losses_per_unit_GDP_Rank) VALUES (11,'Barbados',135,125.0,115,115,135,135); 
INSERT INTO Climate_Risk_Index(ID, Country_Name, CRI_Rank, CRI_Score, Fatalities_Rank, Fatalities_per_100000_inhabitants_Rank, Losses_in_US_million_Rank, Losses_per_unit_GDP_Rank) VALUES (12,'Belarus',130,111.83,115,115,102,112); 
INSERT INTO Climate_Risk_Index(ID, Country_Name, CRI_Rank, CRI_Score, Fatalities_Rank, Fatalities_per_100000_inhabitants_Rank, Losses_in_US_million_Rank, Losses_per_unit_GDP_Rank) VALUES (13,'Belgium',90,81.83,102,112,39,63); 
INSERT INTO Climate_Risk_Index(ID, Country_Name, CRI_Rank, CRI_Score, Fatalities_Rank, Fatalities_per_100000_inhabitants_Rank, Losses_in_US_million_Rank, Losses_per_unit_GDP_Rank) VALUES (14,'Belize',135,125.0,115,115,135,135); 
INSERT INTO Climate_Risk_Index(ID, Country_Name, CRI_Rank, CRI_Score, Fatalities_Rank, Fatalities_per_100000_inhabitants_Rank, Losses_in_US_million_Rank, Losses_per_unit_GDP_Rank) VALUES (15,'Benin',101,88.0,77,77,109,94); 
INSERT INTO Climate_Risk_Index(ID, Country_Name, CRI_Rank, CRI_Score, Fatalities_Rank, Fatalities_per_100000_inhabitants_Rank, Losses_in_US_million_Rank, Losses_per_unit_GDP_Rank) VALUES (16,'Bhutan',135,125.0,115,115,135,135); 
INSERT INTO Climate_Risk_Index(ID, Country_Name, CRI_Rank, CRI_Score, Fatalities_Rank, Fatalities_per_100000_inhabitants_Rank, Losses_in_US_million_Rank, Losses_per_unit_GDP_Rank) VALUES (17,'Bolivia',59,63.5,71,66,62,58); 
INSERT INTO Climate_Risk_Index(ID, Country_Name, CRI_Rank, CRI_Score, Fatalities_Rank, Fatalities_per_100000_inhabitants_Rank, Losses_in_US_million_Rank, Losses_per_unit_GDP_Rank) VALUES (18,'Bosnia and Herzegovina',129,109.67,115,115,113,100); 
INSERT INTO Climate_Risk_Index(ID, Country_Name, CRI_Rank, CRI_Score, Fatalities_Rank, Fatalities_per_100000_inhabitants_Rank, Losses_in_US_million_Rank, Losses_per_unit_GDP_Rank) VALUES (19,'Botswana',135,125.0,115,115,135,135); 
INSERT INTO Climate_Risk_Index(ID, Country_Name, CRI_Rank, CRI_Score, Fatalities_Rank, Fatalities_per_100000_inhabitants_Rank, Losses_in_US_million_Rank, Losses_per_unit_GDP_Rank) VALUES (20,'Brazil',91,82.83,38,105,43,103); 
INSERT INTO Climate_Risk_Index(ID, Country_Name, CRI_Rank, CRI_Score, Fatalities_Rank, Fatalities_per_100000_inhabitants_Rank, Losses_in_US_million_Rank, Losses_per_unit_GDP_Rank) VALUES (21,'Brunei Darussalam',135,125.0,115,115,135,135); 
INSERT INTO Climate_Risk_Index(ID, Country_Name, CRI_Rank, CRI_Score, Fatalities_Rank, Fatalities_per_100000_inhabitants_Rank, Losses_in_US_million_Rank, Losses_per_unit_GDP_Rank) VALUES (22,'Bulgaria',116,101.0,115,115,85,88); 
INSERT INTO Climate_Risk_Index(ID, Country_Name, CRI_Rank, CRI_Score, Fatalities_Rank, Fatalities_per_100000_inhabitants_Rank, Losses_in_US_million_Rank, Losses_per_unit_GDP_Rank) VALUES (23,'Burkina Faso',135,125.0,115,115,135,135); 
INSERT INTO Climate_Risk_Index(ID, Country_Name, CRI_Rank, CRI_Score, Fatalities_Rank, Fatalities_per_100000_inhabitants_Rank, Losses_in_US_million_Rank, Losses_per_unit_GDP_Rank) VALUES (24,'Burundi',25,36.33,50,32,72,16); 
INSERT INTO Climate_Risk_Index(ID, Country_Name, CRI_Rank, CRI_Score, Fatalities_Rank, Fatalities_per_100000_inhabitants_Rank, Losses_in_US_million_Rank, Losses_per_unit_GDP_Rank) VALUES (25,'Cambodia',38,47.67,29,17,79,72); 
INSERT INTO Climate_Risk_Index(ID, Country_Name, CRI_Rank, CRI_Score, Fatalities_Rank, Fatalities_per_100000_inhabitants_Rank, Losses_in_US_million_Rank, Losses_per_unit_GDP_Rank) VALUES (26,'Cameroon',122,105.83,64,91,129,130); 
INSERT INTO Climate_Risk_Index(ID, Country_Name, CRI_Rank, CRI_Score, Fatalities_Rank, Fatalities_per_100000_inhabitants_Rank, Losses_in_US_million_Rank, Losses_per_unit_GDP_Rank) VALUES (27,'Canada',9,21.83,13,19,12,34); 
INSERT INTO Climate_Risk_Index(ID, Country_Name, CRI_Rank, CRI_Score, Fatalities_Rank, Fatalities_per_100000_inhabitants_Rank, Losses_in_US_million_Rank, Losses_per_unit_GDP_Rank) VALUES (28,'Cape Verde',135,125.0,115,115,135,135); 
INSERT INTO Climate_Risk_Index(ID, Country_Name, CRI_Rank, CRI_Score, Fatalities_Rank, Fatalities_per_100000_inhabitants_Rank, Losses_in_US_million_Rank, Losses_per_unit_GDP_Rank) VALUES (29,'Central African Republic',73,71.17,77,51,116,66); 
INSERT INTO Climate_Risk_Index(ID, Country_Name, CRI_Rank, CRI_Score, Fatalities_Rank, Fatalities_per_100000_inhabitants_Rank, Losses_in_US_million_Rank, Losses_per_unit_GDP_Rank) VALUES (30,'Chad',135,125.0,115,115,135,135); 
INSERT INTO Climate_Risk_Index(ID, Country_Name, CRI_Rank, CRI_Score, Fatalities_Rank, Fatalities_per_100000_inhabitants_Rank, Losses_in_US_million_Rank, Losses_per_unit_GDP_Rank) VALUES (31,'Chile',87,81.17,115,115,36,53); 
INSERT INTO Climate_Risk_Index(ID, Country_Name, CRI_Rank, CRI_Score, Fatalities_Rank, Fatalities_per_100000_inhabitants_Rank, Losses_in_US_million_Rank, Losses_per_unit_GDP_Rank) VALUES (32,'China',33,45.17,5,94,4,37); 
INSERT INTO Climate_Risk_Index(ID, Country_Name, CRI_Rank, CRI_Score, Fatalities_Rank, Fatalities_per_100000_inhabitants_Rank, Losses_in_US_million_Rank, Losses_per_unit_GDP_Rank) VALUES (33,'Chinese Taipei',75,72.33,53,65,55,98); 
INSERT INTO Climate_Risk_Index(ID, Country_Name, CRI_Rank, CRI_Score, Fatalities_Rank, Fatalities_per_100000_inhabitants_Rank, Losses_in_US_million_Rank, Losses_per_unit_GDP_Rank) VALUES (34,'Colombia',53,61.0,20,39,70,99); 
INSERT INTO Climate_Risk_Index(ID, Country_Name, CRI_Rank, CRI_Score, Fatalities_Rank, Fatalities_per_100000_inhabitants_Rank, Losses_in_US_million_Rank, Losses_per_unit_GDP_Rank) VALUES (35,'Comoros',135,125.0,115,115,135,135); 
INSERT INTO Climate_Risk_Index(ID, Country_Name, CRI_Rank, CRI_Score, Fatalities_Rank, Fatalities_per_100000_inhabitants_Rank, Losses_in_US_million_Rank, Losses_per_unit_GDP_Rank) VALUES (36,'Costa Rica',96,84.67,93,82,87,82); 
INSERT INTO Climate_Risk_Index(ID, Country_Name, CRI_Rank, CRI_Score, Fatalities_Rank, Fatalities_per_100000_inhabitants_Rank, Losses_in_US_million_Rank, Losses_per_unit_GDP_Rank) VALUES (37,'Côte d''Ivoire',106,89.5,46,55,125,128); 
INSERT INTO Climate_Risk_Index(ID, Country_Name, CRI_Rank, CRI_Score, Fatalities_Rank, Fatalities_per_100000_inhabitants_Rank, Losses_in_US_million_Rank, Losses_per_unit_GDP_Rank) VALUES (38,'Croatia',126,108.33,115,115,101,102); 
INSERT INTO Climate_Risk_Index(ID, Country_Name, CRI_Rank, CRI_Score, Fatalities_Rank, Fatalities_per_100000_inhabitants_Rank, Losses_in_US_million_Rank, Losses_per_unit_GDP_Rank) VALUES (39,'Cyprus',76,73.5,81,13,120,107); 
INSERT INTO Climate_Risk_Index(ID, Country_Name, CRI_Rank, CRI_Score, Fatalities_Rank, Fatalities_per_100000_inhabitants_Rank, Losses_in_US_million_Rank, Losses_per_unit_GDP_Rank) VALUES (40,'Czech Republic',35,46.83,71,63,28,28); 
INSERT INTO Climate_Risk_Index(ID, Country_Name, CRI_Rank, CRI_Score, Fatalities_Rank, Fatalities_per_100000_inhabitants_Rank, Losses_in_US_million_Rank, Losses_per_unit_GDP_Rank) VALUES (41,'Democratic Republic of Congo',68,69.83,24,69,91,83); 
INSERT INTO Climate_Risk_Index(ID, Country_Name, CRI_Rank, CRI_Score, Fatalities_Rank, Fatalities_per_100000_inhabitants_Rank, Losses_in_US_million_Rank, Losses_per_unit_GDP_Rank) VALUES (42,'Timor-Leste',135,125.0,115,115,135,135); 
INSERT INTO Climate_Risk_Index(ID, Country_Name, CRI_Rank, CRI_Score, Fatalities_Rank, Fatalities_per_100000_inhabitants_Rank, Losses_in_US_million_Rank, Losses_per_unit_GDP_Rank) VALUES (43,'Denmark',55,61.33,93,88,33,33); 
INSERT INTO Climate_Risk_Index(ID, Country_Name, CRI_Rank, CRI_Score, Fatalities_Rank, Fatalities_per_100000_inhabitants_Rank, Losses_in_US_million_Rank, Losses_per_unit_GDP_Rank) VALUES (44,'Djibouti',31,44.67,93,27,81,20); 
INSERT INTO Climate_Risk_Index(ID, Country_Name, CRI_Rank, CRI_Score, Fatalities_Rank, Fatalities_per_100000_inhabitants_Rank, Losses_in_US_million_Rank, Losses_per_unit_GDP_Rank) VALUES (45,'Dominica',135,125.0,115,115,135,135); 
INSERT INTO Climate_Risk_Index(ID, Country_Name, CRI_Rank, CRI_Score, Fatalities_Rank, Fatalities_per_100000_inhabitants_Rank, Losses_in_US_million_Rank, Losses_per_unit_GDP_Rank) VALUES (46,'Dominican Republic',99,86.5,81,84,84,93); 
INSERT INTO Climate_Risk_Index(ID, Country_Name, CRI_Rank, CRI_Score, Fatalities_Rank, Fatalities_per_100000_inhabitants_Rank, Losses_in_US_million_Rank, Losses_per_unit_GDP_Rank) VALUES (47,'Ecuador',112,97.0,62,73,122,126); 
INSERT INTO Climate_Risk_Index(ID, Country_Name, CRI_Rank, CRI_Score, Fatalities_Rank, Fatalities_per_100000_inhabitants_Rank, Losses_in_US_million_Rank, Losses_per_unit_GDP_Rank) VALUES (48,'Egypt',131,113.67,115,115,93,122); 
INSERT INTO Climate_Risk_Index(ID, Country_Name, CRI_Rank, CRI_Score, Fatalities_Rank, Fatalities_per_100000_inhabitants_Rank, Losses_in_US_million_Rank, Losses_per_unit_GDP_Rank) VALUES (49,'El Salvador',30,44.33,71,49,49,24); 
INSERT INTO Climate_Risk_Index(ID, Country_Name, CRI_Rank, CRI_Score, Fatalities_Rank, Fatalities_per_100000_inhabitants_Rank, Losses_in_US_million_Rank, Losses_per_unit_GDP_Rank) VALUES (50,'Eritrea',135,125.0,115,115,135,135); 
INSERT INTO Climate_Risk_Index(ID, Country_Name, CRI_Rank, CRI_Score, Fatalities_Rank, Fatalities_per_100000_inhabitants_Rank, Losses_in_US_million_Rank, Losses_per_unit_GDP_Rank) VALUES (51,'Estonia',108,90.5,115,115,76,61); 
INSERT INTO Climate_Risk_Index(ID, Country_Name, CRI_Rank, CRI_Score, Fatalities_Rank, Fatalities_per_100000_inhabitants_Rank, Losses_in_US_million_Rank, Losses_per_unit_GDP_Rank) VALUES (52,'Eswatini',111,96.67,102,54,128,121); 
INSERT INTO Climate_Risk_Index(ID, Country_Name, CRI_Rank, CRI_Score, Fatalities_Rank, Fatalities_per_100000_inhabitants_Rank, Losses_in_US_million_Rank, Losses_per_unit_GDP_Rank) VALUES (53,'Ethiopia',57,62.83,26,70,63,74); 
INSERT INTO Climate_Risk_Index(ID, Country_Name, CRI_Rank, CRI_Score, Fatalities_Rank, Fatalities_per_100000_inhabitants_Rank, Losses_in_US_million_Rank, Losses_per_unit_GDP_Rank) VALUES (54,'Fiji',10,22.5,64,6,47,6); 
INSERT INTO Climate_Risk_Index(ID, Country_Name, CRI_Rank, CRI_Score, Fatalities_Rank, Fatalities_per_100000_inhabitants_Rank, Losses_in_US_million_Rank, Losses_per_unit_GDP_Rank) VALUES (55,'Finland',135,125.0,115,115,135,135); 
INSERT INTO Climate_Risk_Index(ID, Country_Name, CRI_Rank, CRI_Score, Fatalities_Rank, Fatalities_per_100000_inhabitants_Rank, Losses_in_US_million_Rank, Losses_per_unit_GDP_Rank) VALUES (56,'France',34,46.17,32,62,13,54); 
INSERT INTO Climate_Risk_Index(ID, Country_Name, CRI_Rank, CRI_Score, Fatalities_Rank, Fatalities_per_100000_inhabitants_Rank, Losses_in_US_million_Rank, Losses_per_unit_GDP_Rank) VALUES (57,'Gabon',135,125.0,115,115,135,135); 
INSERT INTO Climate_Risk_Index(ID, Country_Name, CRI_Rank, CRI_Score, Fatalities_Rank, Fatalities_per_100000_inhabitants_Rank, Losses_in_US_million_Rank, Losses_per_unit_GDP_Rank) VALUES (58,'Georgia',113,97.83,115,115,92,75); 
INSERT INTO Climate_Risk_Index(ID, Country_Name, CRI_Rank, CRI_Score, Fatalities_Rank, Fatalities_per_100000_inhabitants_Rank, Losses_in_US_million_Rank, Losses_per_unit_GDP_Rank) VALUES (59,'Germany',3,13.83,3,1,6,36); 
INSERT INTO Climate_Risk_Index(ID, Country_Name, CRI_Rank, CRI_Score, Fatalities_Rank, Fatalities_per_100000_inhabitants_Rank, Losses_in_US_million_Rank, Losses_per_unit_GDP_Rank) VALUES (60,'Ghana',65,68.33,22,24,108,116); 
INSERT INTO Climate_Risk_Index(ID, Country_Name, CRI_Rank, CRI_Score, Fatalities_Rank, Fatalities_per_100000_inhabitants_Rank, Losses_in_US_million_Rank, Losses_per_unit_GDP_Rank) VALUES (61,'Greece',11,23.67,14,4,38,41); 
INSERT INTO Climate_Risk_Index(ID, Country_Name, CRI_Rank, CRI_Score, Fatalities_Rank, Fatalities_per_100000_inhabitants_Rank, Losses_in_US_million_Rank, Losses_per_unit_GDP_Rank) VALUES (62,'Grenada',70,70.5,102,5,127,92); 
INSERT INTO Climate_Risk_Index(ID, Country_Name, CRI_Rank, CRI_Score, Fatalities_Rank, Fatalities_per_100000_inhabitants_Rank, Losses_in_US_million_Rank, Losses_per_unit_GDP_Rank) VALUES (63,'Guatemala',83,77.33,102,113,46,45); 
INSERT INTO Climate_Risk_Index(ID, Country_Name, CRI_Rank, CRI_Score, Fatalities_Rank, Fatalities_per_100000_inhabitants_Rank, Losses_in_US_million_Rank, Losses_per_unit_GDP_Rank) VALUES (64,'Guinea',135,125.0,115,115,135,135); 
INSERT INTO Climate_Risk_Index(ID, Country_Name, CRI_Rank, CRI_Score, Fatalities_Rank, Fatalities_per_100000_inhabitants_Rank, Losses_in_US_million_Rank, Losses_per_unit_GDP_Rank) VALUES (65,'Guinea Bissau',37,47.5,55,7,112,52); 
INSERT INTO Climate_Risk_Index(ID, Country_Name, CRI_Rank, CRI_Score, Fatalities_Rank, Fatalities_per_100000_inhabitants_Rank, Losses_in_US_million_Rank, Losses_per_unit_GDP_Rank) VALUES (66,'Guyana',135,125.0,115,115,135,135); 
INSERT INTO Climate_Risk_Index(ID, Country_Name, CRI_Rank, CRI_Score, Fatalities_Rank, Fatalities_per_100000_inhabitants_Rank, Losses_in_US_million_Rank, Losses_per_unit_GDP_Rank) VALUES (67,'Haiti',104,88.67,81,85,111,85); 
INSERT INTO Climate_Risk_Index(ID, Country_Name, CRI_Rank, CRI_Score, Fatalities_Rank, Fatalities_per_100000_inhabitants_Rank, Losses_in_US_million_Rank, Losses_per_unit_GDP_Rank) VALUES (68,'Honduras',45,51.67,48,25,78,67); 
INSERT INTO Climate_Risk_Index(ID, Country_Name, CRI_Rank, CRI_Score, Fatalities_Rank, Fatalities_per_100000_inhabitants_Rank, Losses_in_US_million_Rank, Losses_per_unit_GDP_Rank) VALUES (69,'Hungary',123,107.17,81,81,134,133); 
INSERT INTO Climate_Risk_Index(ID, Country_Name, CRI_Rank, CRI_Score, Fatalities_Rank, Fatalities_per_100000_inhabitants_Rank, Losses_in_US_million_Rank, Losses_per_unit_GDP_Rank) VALUES (70,'Iceland',135,125.0,115,115,135,135); 
INSERT INTO Climate_Risk_Index(ID, Country_Name, CRI_Rank, CRI_Score, Fatalities_Rank, Fatalities_per_100000_inhabitants_Rank, Losses_in_US_million_Rank, Losses_per_unit_GDP_Rank) VALUES (71,'India',5,18.17,1,34,2,19); 
INSERT INTO Climate_Risk_Index(ID, Country_Name, CRI_Rank, CRI_Score, Fatalities_Rank, Fatalities_per_100000_inhabitants_Rank, Losses_in_US_million_Rank, Losses_per_unit_GDP_Rank) VALUES (72,'Indonesia',64,68.17,11,74,42,104); 
INSERT INTO Climate_Risk_Index(ID, Country_Name, CRI_Rank, CRI_Score, Fatalities_Rank, Fatalities_per_100000_inhabitants_Rank, Losses_in_US_million_Rank, Losses_per_unit_GDP_Rank) VALUES (73,'Iraq',66,68.5,41,58,64,95); 
INSERT INTO Climate_Risk_Index(ID, Country_Name, CRI_Rank, CRI_Score, Fatalities_Rank, Fatalities_per_100000_inhabitants_Rank, Losses_in_US_million_Rank, Losses_per_unit_GDP_Rank) VALUES (74,'Ireland',81,76.5,93,80,54,76); 
INSERT INTO Climate_Risk_Index(ID, Country_Name, CRI_Rank, CRI_Score, Fatalities_Rank, Fatalities_per_100000_inhabitants_Rank, Losses_in_US_million_Rank, Losses_per_unit_GDP_Rank) VALUES (75,'Afghanistan',24,36.0,15,21,61,49); 
INSERT INTO Climate_Risk_Index(ID, Country_Name, CRI_Rank, CRI_Score, Fatalities_Rank, Fatalities_per_100000_inhabitants_Rank, Losses_in_US_million_Rank, Losses_per_unit_GDP_Rank) VALUES (76,'Iran (Islamic Republic of)',60,64.83,48,100,21,60); 
INSERT INTO Climate_Risk_Index(ID, Country_Name, CRI_Rank, CRI_Score, Fatalities_Rank, Fatalities_per_100000_inhabitants_Rank, Losses_in_US_million_Rank, Losses_per_unit_GDP_Rank) VALUES (77,'Israel',106,89.5,60,41,131,132); 
INSERT INTO Climate_Risk_Index(ID, Country_Name, CRI_Rank, CRI_Score, Fatalities_Rank, Fatalities_per_100000_inhabitants_Rank, Losses_in_US_million_Rank, Losses_per_unit_GDP_Rank) VALUES (78,'Italy',21,33.67,28,56,8,27); 
INSERT INTO Climate_Risk_Index(ID, Country_Name, CRI_Rank, CRI_Score, Fatalities_Rank, Fatalities_per_100000_inhabitants_Rank, Losses_in_US_million_Rank, Losses_per_unit_GDP_Rank) VALUES (79,'Jamaica',128,109.5,115,115,118,97); 
INSERT INTO Climate_Risk_Index(ID, Country_Name, CRI_Rank, CRI_Score, Fatalities_Rank, Fatalities_per_100000_inhabitants_Rank, Losses_in_US_million_Rank, Losses_per_unit_GDP_Rank) VALUES (80,'Japan',1,5.5,2,2,3,12); 
INSERT INTO Climate_Risk_Index(ID, Country_Name, CRI_Rank, CRI_Score, Fatalities_Rank, Fatalities_per_100000_inhabitants_Rank, Losses_in_US_million_Rank, Losses_per_unit_GDP_Rank) VALUES (81,'Jordan',50,56.33,38,16,94,87); 
INSERT INTO Climate_Risk_Index(ID, Country_Name, CRI_Rank, CRI_Score, Fatalities_Rank, Fatalities_per_100000_inhabitants_Rank, Losses_in_US_million_Rank, Losses_per_unit_GDP_Rank) VALUES (82,'Kazakhstan',115,98.5,115,115,66,90); 
INSERT INTO Climate_Risk_Index(ID, Country_Name, CRI_Rank, CRI_Score, Fatalities_Rank, Fatalities_per_100000_inhabitants_Rank, Losses_in_US_million_Rank, Losses_per_unit_GDP_Rank) VALUES (83,'Kenya',7,19.67,12,23,26,17); 
INSERT INTO Climate_Risk_Index(ID, Country_Name, CRI_Rank, CRI_Score, Fatalities_Rank, Fatalities_per_100000_inhabitants_Rank, Losses_in_US_million_Rank, Losses_per_unit_GDP_Rank) VALUES (84,'Kiribati',135,125.0,115,115,135,135); 
INSERT INTO Climate_Risk_Index(ID, Country_Name, CRI_Rank, CRI_Score, Fatalities_Rank, Fatalities_per_100000_inhabitants_Rank, Losses_in_US_million_Rank, Losses_per_unit_GDP_Rank) VALUES (85,'Republic of Korea',81,76.5,34,57,75,118); 
INSERT INTO Climate_Risk_Index(ID, Country_Name, CRI_Rank, CRI_Score, Fatalities_Rank, Fatalities_per_100000_inhabitants_Rank, Losses_in_US_million_Rank, Losses_per_unit_GDP_Rank) VALUES (86,'Kosovo',135,125.0,115,115,135,135); 
INSERT INTO Climate_Risk_Index(ID, Country_Name, CRI_Rank, CRI_Score, Fatalities_Rank, Fatalities_per_100000_inhabitants_Rank, Losses_in_US_million_Rank, Losses_per_unit_GDP_Rank) VALUES (87,'Kuwait',57,62.83,102,102,25,23); 
INSERT INTO Climate_Risk_Index(ID, Country_Name, CRI_Rank, CRI_Score, Fatalities_Rank, Fatalities_per_100000_inhabitants_Rank, Losses_in_US_million_Rank, Losses_per_unit_GDP_Rank) VALUES (88,'Kyrgyzstan',134,117.5,102,106,133,129); 
INSERT INTO Climate_Risk_Index(ID, Country_Name, CRI_Rank, CRI_Score, Fatalities_Rank, Fatalities_per_100000_inhabitants_Rank, Losses_in_US_million_Rank, Losses_per_unit_GDP_Rank) VALUES (89,'Lao People''s Democratic Republic',22,35.5,26,8,69,51); 
INSERT INTO Climate_Risk_Index(ID, Country_Name, CRI_Rank, CRI_Score, Fatalities_Rank, Fatalities_per_100000_inhabitants_Rank, Losses_in_US_million_Rank, Losses_per_unit_GDP_Rank) VALUES (90,'Latvia',44,50.0,102,75,32,8); 
INSERT INTO Climate_Risk_Index(ID, Country_Name, CRI_Rank, CRI_Score, Fatalities_Rank, Fatalities_per_100000_inhabitants_Rank, Losses_in_US_million_Rank, Losses_per_unit_GDP_Rank) VALUES (91,'Lebanon',62,67.17,50,18,105,106); 
INSERT INTO Climate_Risk_Index(ID, Country_Name, CRI_Rank, CRI_Score, Fatalities_Rank, Fatalities_per_100000_inhabitants_Rank, Losses_in_US_million_Rank, Losses_per_unit_GDP_Rank) VALUES (92,'Lesotho',56,61.5,58,11,121,84); 
INSERT INTO Climate_Risk_Index(ID, Country_Name, CRI_Rank, CRI_Score, Fatalities_Rank, Fatalities_per_100000_inhabitants_Rank, Losses_in_US_million_Rank, Losses_per_unit_GDP_Rank) VALUES (93,'Liberia',135,125.0,115,115,135,135); 
INSERT INTO Climate_Risk_Index(ID, Country_Name, CRI_Rank, CRI_Score, Fatalities_Rank, Fatalities_per_100000_inhabitants_Rank, Losses_in_US_million_Rank, Losses_per_unit_GDP_Rank) VALUES (94,'Libya',135,125.0,115,115,135,135); 
INSERT INTO Climate_Risk_Index(ID, Country_Name, CRI_Rank, CRI_Score, Fatalities_Rank, Fatalities_per_100000_inhabitants_Rank, Losses_in_US_million_Rank, Losses_per_unit_GDP_Rank) VALUES (95,'Lithuania',19,29.33,77,28,23,10); 
INSERT INTO Climate_Risk_Index(ID, Country_Name, CRI_Rank, CRI_Score, Fatalities_Rank, Fatalities_per_100000_inhabitants_Rank, Losses_in_US_million_Rank, Losses_per_unit_GDP_Rank) VALUES (96,'Luxembourg',95,84.33,115,115,65,48); 
INSERT INTO Climate_Risk_Index(ID, Country_Name, CRI_Rank, CRI_Score, Fatalities_Rank, Fatalities_per_100000_inhabitants_Rank, Losses_in_US_million_Rank, Losses_per_unit_GDP_Rank) VALUES (97,'Madagascar',4,15.83,17,20,30,4); 
INSERT INTO Climate_Risk_Index(ID, Country_Name, CRI_Rank, CRI_Score, Fatalities_Rank, Fatalities_per_100000_inhabitants_Rank, Losses_in_US_million_Rank, Losses_per_unit_GDP_Rank) VALUES (98,'Malawi',93,83.67,77,96,95,69); 
INSERT INTO Climate_Risk_Index(ID, Country_Name, CRI_Rank, CRI_Score, Fatalities_Rank, Fatalities_per_100000_inhabitants_Rank, Losses_in_US_million_Rank, Losses_per_unit_GDP_Rank) VALUES (99,'Malaysia',97,84.83,45,61,96,123); 
INSERT INTO Climate_Risk_Index(ID, Country_Name, CRI_Rank, CRI_Score, Fatalities_Rank, Fatalities_per_100000_inhabitants_Rank, Losses_in_US_million_Rank, Losses_per_unit_GDP_Rank) VALUES (100,'Maldives',118,103.33,115,115,119,78); 
INSERT INTO Climate_Risk_Index(ID, Country_Name, CRI_Rank, CRI_Score, Fatalities_Rank, Fatalities_per_100000_inhabitants_Rank, Losses_in_US_million_Rank, Losses_per_unit_GDP_Rank) VALUES (101,'Mali',135,125.0,115,115,135,135); 
INSERT INTO Climate_Risk_Index(ID, Country_Name, CRI_Rank, CRI_Score, Fatalities_Rank, Fatalities_per_100000_inhabitants_Rank, Losses_in_US_million_Rank, Losses_per_unit_GDP_Rank) VALUES (102,'Malta',135,125.0,115,115,135,135); 
INSERT INTO Climate_Risk_Index(ID, Country_Name, CRI_Rank, CRI_Score, Fatalities_Rank, Fatalities_per_100000_inhabitants_Rank, Losses_in_US_million_Rank, Losses_per_unit_GDP_Rank) VALUES (103,'Marshall Islands',135,125.0,115,115,135,135); 
INSERT INTO Climate_Risk_Index(ID, Country_Name, CRI_Rank, CRI_Score, Fatalities_Rank, Fatalities_per_100000_inhabitants_Rank, Losses_in_US_million_Rank, Losses_per_unit_GDP_Rank) VALUES (104,'Mauritania',116,101.0,115,115,107,77); 
INSERT INTO Climate_Risk_Index(ID, Country_Name, CRI_Rank, CRI_Score, Fatalities_Rank, Fatalities_per_100000_inhabitants_Rank, Losses_in_US_million_Rank, Losses_per_unit_GDP_Rank) VALUES (105,'Mauritius',84,78.83,115,115,68,30); 
INSERT INTO Climate_Risk_Index(ID, Country_Name, CRI_Rank, CRI_Score, Fatalities_Rank, Fatalities_per_100000_inhabitants_Rank, Losses_in_US_million_Rank, Losses_per_unit_GDP_Rank) VALUES (106,'Mexico',26,37.67,10,44,14,57); 
INSERT INTO Climate_Risk_Index(ID, Country_Name, CRI_Rank, CRI_Score, Fatalities_Rank, Fatalities_per_100000_inhabitants_Rank, Losses_in_US_million_Rank, Losses_per_unit_GDP_Rank) VALUES (107,'Micronesia',135,125.0,115,115,135,135); 
INSERT INTO Climate_Risk_Index(ID, Country_Name, CRI_Rank, CRI_Score, Fatalities_Rank, Fatalities_per_100000_inhabitants_Rank, Losses_in_US_million_Rank, Losses_per_unit_GDP_Rank) VALUES (108,'Moldova',135,125.0,115,115,135,135); 
INSERT INTO Climate_Risk_Index(ID, Country_Name, CRI_Rank, CRI_Score, Fatalities_Rank, Fatalities_per_100000_inhabitants_Rank, Losses_in_US_million_Rank, Losses_per_unit_GDP_Rank) VALUES (109,'Mongolia',17,26.67,64,22,34,9); 
INSERT INTO Climate_Risk_Index(ID, Country_Name, CRI_Rank, CRI_Score, Fatalities_Rank, Fatalities_per_100000_inhabitants_Rank, Losses_in_US_million_Rank, Losses_per_unit_GDP_Rank) VALUES (110,'Montenegro',114,98.17,115,115,104,70); 
INSERT INTO Climate_Risk_Index(ID, Country_Name, CRI_Rank, CRI_Score, Fatalities_Rank, Fatalities_per_100000_inhabitants_Rank, Losses_in_US_million_Rank, Losses_per_unit_GDP_Rank) VALUES (111,'Morocco',135,125.0,115,115,135,135); 
INSERT INTO Climate_Risk_Index(ID, Country_Name, CRI_Rank, CRI_Score, Fatalities_Rank, Fatalities_per_100000_inhabitants_Rank, Losses_in_US_million_Rank, Losses_per_unit_GDP_Rank) VALUES (112,'Mozambique',54,61.17,56,78,71,42); 
INSERT INTO Climate_Risk_Index(ID, Country_Name, CRI_Rank, CRI_Score, Fatalities_Rank, Fatalities_per_100000_inhabitants_Rank, Losses_in_US_million_Rank, Losses_per_unit_GDP_Rank) VALUES (113,'Myanmar',48,53.83,20,43,59,79); 
INSERT INTO Climate_Risk_Index(ID, Country_Name, CRI_Rank, CRI_Score, Fatalities_Rank, Fatalities_per_100000_inhabitants_Rank, Losses_in_US_million_Rank, Losses_per_unit_GDP_Rank) VALUES (114,'Namibia',85,79.17,88,40,115,96); 
INSERT INTO Climate_Risk_Index(ID, Country_Name, CRI_Rank, CRI_Score, Fatalities_Rank, Fatalities_per_100000_inhabitants_Rank, Losses_in_US_million_Rank, Losses_per_unit_GDP_Rank) VALUES (115,'Nepal',20,29.67,8,10,56,47); 
INSERT INTO Climate_Risk_Index(ID, Country_Name, CRI_Rank, CRI_Score, Fatalities_Rank, Fatalities_per_100000_inhabitants_Rank, Losses_in_US_million_Rank, Losses_per_unit_GDP_Rank) VALUES (116,'Netherlands',62,67.17,81,99,24,50); 
INSERT INTO Climate_Risk_Index(ID, Country_Name, CRI_Rank, CRI_Score, Fatalities_Rank, Fatalities_per_100000_inhabitants_Rank, Losses_in_US_million_Rank, Losses_per_unit_GDP_Rank) VALUES (117,'New Zealand',46,53.17,88,68,37,29); 
INSERT INTO Climate_Risk_Index(ID, Country_Name, CRI_Rank, CRI_Score, Fatalities_Rank, Fatalities_per_100000_inhabitants_Rank, Losses_in_US_million_Rank, Losses_per_unit_GDP_Rank) VALUES (118,'Nicaragua',52,60.17,64,42,83,65); 
INSERT INTO Climate_Risk_Index(ID, Country_Name, CRI_Rank, CRI_Score, Fatalities_Rank, Fatalities_per_100000_inhabitants_Rank, Losses_in_US_million_Rank, Losses_per_unit_GDP_Rank) VALUES (119,'Niger',27,39.67,31,26,77,39); 
INSERT INTO Climate_Risk_Index(ID, Country_Name, CRI_Rank, CRI_Score, Fatalities_Rank, Fatalities_per_100000_inhabitants_Rank, Losses_in_US_million_Rank, Losses_per_unit_GDP_Rank) VALUES (120,'Nigeria',18,28.83,7,31,16,44); 
INSERT INTO Climate_Risk_Index(ID, Country_Name, CRI_Rank, CRI_Score, Fatalities_Rank, Fatalities_per_100000_inhabitants_Rank, Losses_in_US_million_Rank, Losses_per_unit_GDP_Rank) VALUES (121,'North Macedonia',135,125.0,115,115,135,135); 
INSERT INTO Climate_Risk_Index(ID, Country_Name, CRI_Rank, CRI_Score, Fatalities_Rank, Fatalities_per_100000_inhabitants_Rank, Losses_in_US_million_Rank, Losses_per_unit_GDP_Rank) VALUES (122,'Norway',94,84.0,102,104,48,73); 
INSERT INTO Climate_Risk_Index(ID, Country_Name, CRI_Rank, CRI_Score, Fatalities_Rank, Fatalities_per_100000_inhabitants_Rank, Losses_in_US_million_Rank, Losses_per_unit_GDP_Rank) VALUES (123,'Oman',13,24.33,71,30,9,3); 
INSERT INTO Climate_Risk_Index(ID, Country_Name, CRI_Rank, CRI_Score, Fatalities_Rank, Fatalities_per_100000_inhabitants_Rank, Losses_in_US_million_Rank, Losses_per_unit_GDP_Rank) VALUES (124,'Pakistan',100,87.83,19,90,90,119); 
INSERT INTO Climate_Risk_Index(ID, Country_Name, CRI_Rank, CRI_Score, Fatalities_Rank, Fatalities_per_100000_inhabitants_Rank, Losses_in_US_million_Rank, Losses_per_unit_GDP_Rank) VALUES (125,'Panama',92,83.33,75,37,117,117); 
INSERT INTO Climate_Risk_Index(ID, Country_Name, CRI_Rank, CRI_Score, Fatalities_Rank, Fatalities_per_100000_inhabitants_Rank, Losses_in_US_million_Rank, Losses_per_unit_GDP_Rank) VALUES (126,'Papua New Guinea',135,125.0,115,115,135,135); 
INSERT INTO Climate_Risk_Index(ID, Country_Name, CRI_Rank, CRI_Score, Fatalities_Rank, Fatalities_per_100000_inhabitants_Rank, Losses_in_US_million_Rank, Losses_per_unit_GDP_Rank) VALUES (127,'Paraguay',127,109.33,102,107,114,113); 
INSERT INTO Climate_Risk_Index(ID, Country_Name, CRI_Rank, CRI_Score, Fatalities_Rank, Fatalities_per_100000_inhabitants_Rank, Losses_in_US_million_Rank, Losses_per_unit_GDP_Rank) VALUES (128,'Peru',110,94.0,64,97,86,110); 
INSERT INTO Climate_Risk_Index(ID, Country_Name, CRI_Rank, CRI_Score, Fatalities_Rank, Fatalities_per_100000_inhabitants_Rank, Losses_in_US_million_Rank, Losses_per_unit_GDP_Rank) VALUES (129,'Philippines',2,11.17,4,14,7,14); 
INSERT INTO Climate_Risk_Index(ID, Country_Name, CRI_Rank, CRI_Score, Fatalities_Rank, Fatalities_per_100000_inhabitants_Rank, Losses_in_US_million_Rank, Losses_per_unit_GDP_Rank) VALUES (130,'Poland',41,49.0,42,60,22,55); 
INSERT INTO Climate_Risk_Index(ID, Country_Name, CRI_Rank, CRI_Score, Fatalities_Rank, Fatalities_per_100000_inhabitants_Rank, Losses_in_US_million_Rank, Losses_per_unit_GDP_Rank) VALUES (131,'Portugal',72,70.67,88,92,40,56); 
INSERT INTO Climate_Risk_Index(ID, Country_Name, CRI_Rank, CRI_Score, Fatalities_Rank, Fatalities_per_100000_inhabitants_Rank, Losses_in_US_million_Rank, Losses_per_unit_GDP_Rank) VALUES (132,'Puerto Rico',124,107.67,115,115,99,101); 
INSERT INTO Climate_Risk_Index(ID, Country_Name, CRI_Rank, CRI_Score, Fatalities_Rank, Fatalities_per_100000_inhabitants_Rank, Losses_in_US_million_Rank, Losses_per_unit_GDP_Rank) VALUES (133,'Qatar',135,125.0,115,115,135,135); 
INSERT INTO Climate_Risk_Index(ID, Country_Name, CRI_Rank, CRI_Score, Fatalities_Rank, Fatalities_per_100000_inhabitants_Rank, Losses_in_US_million_Rank, Losses_per_unit_GDP_Rank) VALUES (134,'Congo',135,125.0,115,115,135,135); 
INSERT INTO Climate_Risk_Index(ID, Country_Name, CRI_Rank, CRI_Score, Fatalities_Rank, Fatalities_per_100000_inhabitants_Rank, Losses_in_US_million_Rank, Losses_per_unit_GDP_Rank) VALUES (135,'Republic of Yemen',28,41.33,35,38,57,40); 
INSERT INTO Climate_Risk_Index(ID, Country_Name, CRI_Rank, CRI_Score, Fatalities_Rank, Fatalities_per_100000_inhabitants_Rank, Losses_in_US_million_Rank, Losses_per_unit_GDP_Rank) VALUES (136,'Romania',89,81.67,58,67,80,109); 
INSERT INTO Climate_Risk_Index(ID, Country_Name, CRI_Rank, CRI_Score, Fatalities_Rank, Fatalities_per_100000_inhabitants_Rank, Losses_in_US_million_Rank, Losses_per_unit_GDP_Rank) VALUES (137,'Russian Federation',79,75.5,44,103,31,86); 
INSERT INTO Climate_Risk_Index(ID, Country_Name, CRI_Rank, CRI_Score, Fatalities_Rank, Fatalities_per_100000_inhabitants_Rank, Losses_in_US_million_Rank, Losses_per_unit_GDP_Rank) VALUES (138,'Rwanda',8,21.17,16,9,51,21); 
INSERT INTO Climate_Risk_Index(ID, Country_Name, CRI_Rank, CRI_Score, Fatalities_Rank, Fatalities_per_100000_inhabitants_Rank, Losses_in_US_million_Rank, Losses_per_unit_GDP_Rank) VALUES (139,'Samoa',70,70.5,115,115,74,2); 
INSERT INTO Climate_Risk_Index(ID, Country_Name, CRI_Rank, CRI_Score, Fatalities_Rank, Fatalities_per_100000_inhabitants_Rank, Losses_in_US_million_Rank, Losses_per_unit_GDP_Rank) VALUES (140,'Saudi Arabia',103,88.5,37,48,130,134); 
INSERT INTO Climate_Risk_Index(ID, Country_Name, CRI_Rank, CRI_Score, Fatalities_Rank, Fatalities_per_100000_inhabitants_Rank, Losses_in_US_million_Rank, Losses_per_unit_GDP_Rank) VALUES (141,'Senegal',120,104.5,115,115,100,91); 
INSERT INTO Climate_Risk_Index(ID, Country_Name, CRI_Rank, CRI_Score, Fatalities_Rank, Fatalities_per_100000_inhabitants_Rank, Losses_in_US_million_Rank, Losses_per_unit_GDP_Rank) VALUES (142,'Serbia',61,65.5,93,93,44,35); 
INSERT INTO Climate_Risk_Index(ID, Country_Name, CRI_Rank, CRI_Score, Fatalities_Rank, Fatalities_per_100000_inhabitants_Rank, Losses_in_US_million_Rank, Losses_per_unit_GDP_Rank) VALUES (143,'Seychelles',135,125.0,115,115,135,135); 
INSERT INTO Climate_Risk_Index(ID, Country_Name, CRI_Rank, CRI_Score, Fatalities_Rank, Fatalities_per_100000_inhabitants_Rank, Losses_in_US_million_Rank, Losses_per_unit_GDP_Rank) VALUES (144,'Sierra Leone',135,125.0,115,115,135,135); 
INSERT INTO Climate_Risk_Index(ID, Country_Name, CRI_Rank, CRI_Score, Fatalities_Rank, Fatalities_per_100000_inhabitants_Rank, Losses_in_US_million_Rank, Losses_per_unit_GDP_Rank) VALUES (145,'Singapore',135,125.0,115,115,135,135); 
INSERT INTO Climate_Risk_Index(ID, Country_Name, CRI_Rank, CRI_Score, Fatalities_Rank, Fatalities_per_100000_inhabitants_Rank, Losses_in_US_million_Rank, Losses_per_unit_GDP_Rank) VALUES (146,'Slovakia',102,88.33,64,36,132,131); 
INSERT INTO Climate_Risk_Index(ID, Country_Name, CRI_Rank, CRI_Score, Fatalities_Rank, Fatalities_per_100000_inhabitants_Rank, Losses_in_US_million_Rank, Losses_per_unit_GDP_Rank) VALUES (147,'Slovenia',51,57.83,93,52,58,46); 
INSERT INTO Climate_Risk_Index(ID, Country_Name, CRI_Rank, CRI_Score, Fatalities_Rank, Fatalities_per_100000_inhabitants_Rank, Losses_in_US_million_Rank, Losses_per_unit_GDP_Rank) VALUES (148,'Solomon Islands',29,43.17,88,12,103,22); 
INSERT INTO Climate_Risk_Index(ID, Country_Name, CRI_Rank, CRI_Score, Fatalities_Rank, Fatalities_per_100000_inhabitants_Rank, Losses_in_US_million_Rank, Losses_per_unit_GDP_Rank) VALUES (149,'South Africa',47,53.33,53,95,15,31); 
INSERT INTO Climate_Risk_Index(ID, Country_Name, CRI_Rank, CRI_Score, Fatalities_Rank, Fatalities_per_100000_inhabitants_Rank, Losses_in_US_million_Rank, Losses_per_unit_GDP_Rank) VALUES (150,'South Sudan',133,116.0,115,115,123,114); 
INSERT INTO Climate_Risk_Index(ID, Country_Name, CRI_Rank, CRI_Score, Fatalities_Rank, Fatalities_per_100000_inhabitants_Rank, Losses_in_US_million_Rank, Losses_per_unit_GDP_Rank) VALUES (151,'Spain',38,47.67,33,53,19,64); 
INSERT INTO Climate_Risk_Index(ID, Country_Name, CRI_Rank, CRI_Score, Fatalities_Rank, Fatalities_per_100000_inhabitants_Rank, Losses_in_US_million_Rank, Losses_per_unit_GDP_Rank) VALUES (152,'Sri Lanka',6,19.0,36,29,10,5); 
INSERT INTO Climate_Risk_Index(ID, Country_Name, CRI_Rank, CRI_Score, Fatalities_Rank, Fatalities_per_100000_inhabitants_Rank, Losses_in_US_million_Rank, Losses_per_unit_GDP_Rank) VALUES (153,'St.Kitts and Nevis',135,125.0,115,115,135,135); 
INSERT INTO Climate_Risk_Index(ID, Country_Name, CRI_Rank, CRI_Score, Fatalities_Rank, Fatalities_per_100000_inhabitants_Rank, Losses_in_US_million_Rank, Losses_per_unit_GDP_Rank) VALUES (154,'St.Lucia',135,125.0,115,115,135,135); 
INSERT INTO Climate_Risk_Index(ID, Country_Name, CRI_Rank, CRI_Score, Fatalities_Rank, Fatalities_per_100000_inhabitants_Rank, Losses_in_US_million_Rank, Losses_per_unit_GDP_Rank) VALUES (155,'St.Vincent and the Grenadines',135,125.0,115,115,135,135); 
INSERT INTO Climate_Risk_Index(ID, Country_Name, CRI_Rank, CRI_Score, Fatalities_Rank, Fatalities_per_100000_inhabitants_Rank, Losses_in_US_million_Rank, Losses_per_unit_GDP_Rank) VALUES (156,'Sudan',42,49.33,30,45,52,62); 
INSERT INTO Climate_Risk_Index(ID, Country_Name, CRI_Rank, CRI_Score, Fatalities_Rank, Fatalities_per_100000_inhabitants_Rank, Losses_in_US_million_Rank, Losses_per_unit_GDP_Rank) VALUES (157,'Suriname',135,125.0,115,115,135,135); 
INSERT INTO Climate_Risk_Index(ID, Country_Name, CRI_Rank, CRI_Score, Fatalities_Rank, Fatalities_per_100000_inhabitants_Rank, Losses_in_US_million_Rank, Losses_per_unit_GDP_Rank) VALUES (158,'Sweden',105,89.0,102,111,50,80); 
INSERT INTO Climate_Risk_Index(ID, Country_Name, CRI_Rank, CRI_Score, Fatalities_Rank, Fatalities_per_100000_inhabitants_Rank, Losses_in_US_million_Rank, Losses_per_unit_GDP_Rank) VALUES (159,'Switzerland',77,73.67,93,98,35,59); 
INSERT INTO Climate_Risk_Index(ID, Country_Name, CRI_Rank, CRI_Score, Fatalities_Rank, Fatalities_per_100000_inhabitants_Rank, Losses_in_US_million_Rank, Losses_per_unit_GDP_Rank) VALUES (160,'Tajikistan',73,71.17,75,64,88,68); 
INSERT INTO Climate_Risk_Index(ID, Country_Name, CRI_Rank, CRI_Score, Fatalities_Rank, Fatalities_per_100000_inhabitants_Rank, Losses_in_US_million_Rank, Losses_per_unit_GDP_Rank) VALUES (161,'Tanzania',68,69.83,42,71,73,81); 
INSERT INTO Climate_Risk_Index(ID, Country_Name, CRI_Rank, CRI_Score, Fatalities_Rank, Fatalities_per_100000_inhabitants_Rank, Losses_in_US_million_Rank, Losses_per_unit_GDP_Rank) VALUES (162,'Thailand',67,68.83,25,59,60,105); 
INSERT INTO Climate_Risk_Index(ID, Country_Name, CRI_Rank, CRI_Score, Fatalities_Rank, Fatalities_per_100000_inhabitants_Rank, Losses_in_US_million_Rank, Losses_per_unit_GDP_Rank) VALUES (163,'The Bahamas',135,125.0,115,115,135,135); 
INSERT INTO Climate_Risk_Index(ID, Country_Name, CRI_Rank, CRI_Score, Fatalities_Rank, Fatalities_per_100000_inhabitants_Rank, Losses_in_US_million_Rank, Losses_per_unit_GDP_Rank) VALUES (164,'Gambia',135,125.0,115,115,135,135); 
INSERT INTO Climate_Risk_Index(ID, Country_Name, CRI_Rank, CRI_Score, Fatalities_Rank, Fatalities_per_100000_inhabitants_Rank, Losses_in_US_million_Rank, Losses_per_unit_GDP_Rank) VALUES (165,'Togo',135,125.0,115,115,135,135); 
INSERT INTO Climate_Risk_Index(ID, Country_Name, CRI_Rank, CRI_Score, Fatalities_Rank, Fatalities_per_100000_inhabitants_Rank, Losses_in_US_million_Rank, Losses_per_unit_GDP_Rank) VALUES (166,'Tonga',15,25.17,102,3,41,1); 
INSERT INTO Climate_Risk_Index(ID, Country_Name, CRI_Rank, CRI_Score, Fatalities_Rank, Fatalities_per_100000_inhabitants_Rank, Losses_in_US_million_Rank, Losses_per_unit_GDP_Rank) VALUES (167,'Trinidad and Tobago',88,81.33,115,115,67,38); 
INSERT INTO Climate_Risk_Index(ID, Country_Name, CRI_Rank, CRI_Score, Fatalities_Rank, Fatalities_per_100000_inhabitants_Rank, Losses_in_US_million_Rank, Losses_per_unit_GDP_Rank) VALUES (168,'Tunisia',35,46.83,56,47,45,43); 
INSERT INTO Climate_Risk_Index(ID, Country_Name, CRI_Rank, CRI_Score, Fatalities_Rank, Fatalities_per_100000_inhabitants_Rank, Losses_in_US_million_Rank, Losses_per_unit_GDP_Rank) VALUES (169,'Turkey',85,79.17,40,83,53,108); 
INSERT INTO Climate_Risk_Index(ID, Country_Name, CRI_Rank, CRI_Score, Fatalities_Rank, Fatalities_per_100000_inhabitants_Rank, Losses_in_US_million_Rank, Losses_per_unit_GDP_Rank) VALUES (170,'Tuvalu',135,125.0,115,115,135,135); 
INSERT INTO Climate_Risk_Index(ID, Country_Name, CRI_Rank, CRI_Score, Fatalities_Rank, Fatalities_per_100000_inhabitants_Rank, Losses_in_US_million_Rank, Losses_per_unit_GDP_Rank) VALUES (171,'Uganda',14,24.67,23,35,29,13); 
INSERT INTO Climate_Risk_Index(ID, Country_Name, CRI_Rank, CRI_Score, Fatalities_Rank, Fatalities_per_100000_inhabitants_Rank, Losses_in_US_million_Rank, Losses_per_unit_GDP_Rank) VALUES (172,'Ukraine',121,105.33,93,114,89,111); 
INSERT INTO Climate_Risk_Index(ID, Country_Name, CRI_Rank, CRI_Score, Fatalities_Rank, Fatalities_per_100000_inhabitants_Rank, Losses_in_US_million_Rank, Losses_per_unit_GDP_Rank) VALUES (173,'United Arab Emirates',135,125.0,115,115,135,135); 
INSERT INTO Climate_Risk_Index(ID, Country_Name, CRI_Rank, CRI_Score, Fatalities_Rank, Fatalities_per_100000_inhabitants_Rank, Losses_in_US_million_Rank, Losses_per_unit_GDP_Rank) VALUES (174,'United Kingdom',78,73.83,64,110,17,71); 
INSERT INTO Climate_Risk_Index(ID, Country_Name, CRI_Rank, CRI_Score, Fatalities_Rank, Fatalities_per_100000_inhabitants_Rank, Losses_in_US_million_Rank, Losses_per_unit_GDP_Rank) VALUES (175,'United States of America',12,23.83,6,50,1,18); 
INSERT INTO Climate_Risk_Index(ID, Country_Name, CRI_Rank, CRI_Score, Fatalities_Rank, Fatalities_per_100000_inhabitants_Rank, Losses_in_US_million_Rank, Losses_per_unit_GDP_Rank) VALUES (176,'Uruguay',23,35.67,81,46,27,7); 
INSERT INTO Climate_Risk_Index(ID, Country_Name, CRI_Rank, CRI_Score, Fatalities_Rank, Fatalities_per_100000_inhabitants_Rank, Losses_in_US_million_Rank, Losses_per_unit_GDP_Rank) VALUES (177,'Uzbekistan',135,125.0,115,115,135,135); 
INSERT INTO Climate_Risk_Index(ID, Country_Name, CRI_Rank, CRI_Score, Fatalities_Rank, Fatalities_per_100000_inhabitants_Rank, Losses_in_US_million_Rank, Losses_per_unit_GDP_Rank) VALUES (178,'Vanuatu',31,44.67,102,15,106,15); 
INSERT INTO Climate_Risk_Index(ID, Country_Name, CRI_Rank, CRI_Score, Fatalities_Rank, Fatalities_per_100000_inhabitants_Rank, Losses_in_US_million_Rank, Losses_per_unit_GDP_Rank) VALUES (179,'Venezuela',119,104.17,81,108,98,115); 
INSERT INTO Climate_Risk_Index(ID, Country_Name, CRI_Rank, CRI_Score, Fatalities_Rank, Fatalities_per_100000_inhabitants_Rank, Losses_in_US_million_Rank, Losses_per_unit_GDP_Rank) VALUES (180,'Viet Nam',16,26.17,9,33,18,32); 
INSERT INTO Climate_Risk_Index(ID, Country_Name, CRI_Rank, CRI_Score, Fatalities_Rank, Fatalities_per_100000_inhabitants_Rank, Losses_in_US_million_Rank, Losses_per_unit_GDP_Rank) VALUES (181,'Zambia',135,125.0,115,115,135,135); 
INSERT INTO Climate_Risk_Index(ID, Country_Name, CRI_Rank, CRI_Score, Fatalities_Rank, Fatalities_per_100000_inhabitants_Rank, Losses_in_US_million_Rank, Losses_per_unit_GDP_Rank) VALUES (182,'Zimbabwe',132,114.5,93,109,126,125); 

 
 
 
 
